<div><h1>2) Wichtige Informationen, die der Pilot vor dem ersten Flug in einem ihm unbekannten Gelände einholen sollte sind u.a.</h1><p>A) Name des Geländehalters und Luftraumstatus</p><p>B) örtliche Flugregeln, Wetter- und Geländebesonderheiten</p><p>C) besondere Vorflugregeln im Gelände</p><p>D) Alle sind richtig</p></div>;B
<div><h1>4) Der Pilot macht sich mit einem ihm unbekannten Gelände am besten vertraut indem er</h1><p>A) zunächst einen Doppelsitzerflug mit einem Fluglehrer macht</p><p>B) zunächst einige Flüge in den ruhigen Morgenstunden macht</p><p>C) einen Flug bei starker Thermik macht um die Turbulenzbereiche des Geländes kennen zulernen</p><p>D) eine topografische Karte des Gebietes gründlich studiert</p></div>;B
<div><h1>5) Worauf ist bei der Beurteilung eines unbekannten Landeplatzes besonders zu achten?</h1><p>A) Auf Stromleitungen, Zäune und die Position des Windsacks</p><p>B) Auf Informationsschilder</p><p>C) Auf die Hauptwindrichtung, Geländegefälle, Hindernisse, mögliche Leegebiete bei stärkerem Wind sowie die Möglichkeit der Landeeinteilung bei unterschiedlichen Windrichtungen</p><p>D) Alle sind richtig</p></div>;D
<div><h1>6) Abbildung 8: Die Abbildung zeigt einen Gleitschirmstartplatz. Startrichtung 180 Grad. Bei einem Südwind von 5-10 km/h</h1><p>A) herrscht Rückenwind</p><p>B) ist mit gefährlichen Turbulenzen über der Baumreihe zu rechnen</p><p>C) ist der Aufwind zu schwach um sicher über die Baumreihe zu kommen</p><p>D) herrschen ideale Startbedingungen</p></div>;D
<div><h1>7) Abbildung 8: Die Abbildung zeigt einen Gleitschirmstartplatz. Startrichtung 180 Grad. Bei 20 km/h Südwind</h1><p>A) ist mit Turbulenzen im Lee der Baumreihe zu rechnen</p><p>B) kann hier nur mit einem Rückwärtsstart sicher gestartet werden</p><p>C) ist das Startgelände zu flach um sicher über die Baumreihe zu kommen</p><p>D) herrscht starker Rückenwind, ein Start ist unmöglich</p></div>;A
<div><h1>8) Abbildung 8: Die Abbildung zeigt einen Gleitschirmstartplatz, Startrichtung 180 Grad. Bei einem Nordwind mit 5 km/h am Startplatz</h1><p>A) herrschen ideale Startbedingungen, weil der Wind genau von vorne kommt</p><p>B) sind die Startbedingungen nicht ideal, weil der Wind 90° von der Seite kommt</p><p>C) sollte der Pilot zum Aufziehen, Startlauf und Abflug den Bereich wählen, in welchem sich unterhalb die niedrigen Bäume befinden, sonst ist ein sicherer Überflug der Baumreihe nicht möglich</p><p>D) ist ein sicherer Start nicht möglich, weil Rückenwind die Startstrecke verlängert und der Aufwind zu schwach ist, um über die Bäume zu fliegen</p></div>;D
<div><h1>9) Abbildung 8: Die Abbildung zeigt einen Gleitschirmstartplatz, Startrichtung 180 Grad. Bei einem Wind mit 15 km/h aus 230 Grad am Startplatz</h1><p>A) darf nicht gestartet werden, weil Rückenwind herrscht</p><p>B) herrschen ideale Startbedingungen</p><p>C) ist ein Start gefährlich, weil sich Start- und Abflugstrecke im Lee der hohen Bäume rechts des Startplatzes befinden</p><p>D) herrscht Startverbot, weil der Seitenwind zu stark von links (Südost) kommt</p></div>;C
<div><h1>11) Abbildung 10: Die Abbildung zeigt einen Startplatz in einer Waldschneise. Welche Aussagen sind richtig?</h1><p>A) Startplätze in Waldschneisen sind bei Seitenwind unkritisch, weil der Wind durch die Schneise kanalisiert wird und dadurch immer von vorne kommt</p><p>B) Startplätze in Waldschneisen sind bei Rückenwind unkritisch, weil sie besonders gut gegen Leebereiche abgeschirmt sind</p><p>C) Bereits leichte Seitenwindtendenz macht das Starten wegen der entstehenden Windverwirbelungen kritisch</p><p>D) Startplätze in Waldschneisen sind nur bei Windstille zum Starten mit dem Gleitschirm geeignet</p></div>;C
<div><h1>12) Abbildung 10: Bei Windstille am Startplatz in der Abbildung</h1><p>A) herrschen ideale Startbedingungen</p><p>B) sollte nicht gestartet werden, weil der Aufwind zu gering ist, um das Flusstal sicher zu überfliegen.</p><p>C) ist die Startstrecke für ein sicheres Überfliegen der Bäume, die den Startplatz nach unten begrenzen, voraussichtlich zu kurz</p><p>D) kann gestartet werden, der Schirm sollte aber unterhalb der Geländestufe ausgelegt werden</p></div>;C
<div><h1>13) Abbildung 10: Bei einem Wind am Startplatz in der Abbildung, der mit 15 km/h 45 Grad von links kommt,</h1><p>A) darf nicht gestartet werden, weil sich hinter der linken Baumreihe Turbulenzen bilden, die Startlauf und Abflug gefährden</p><p>B) muss der Schirm am äußersten rechten Rand des Startplatzes ausgelegt werden und Startlauf und Abflug nach links erfolgen</p><p>C) muss der Schirm am äußersten linken Rand des Startplatzes ausgelegt werden und Startlauf und Abflug nach rechts erfolgen</p><p>D) darf nicht gestartet werden, weil die Seitenwindkomponente zu groß ist, um das Flusstal sicher zu überfliegen</p></div>;A
<div><h1>14) Abbildung 10: Bei welchen Windbedingungen herrschen am Startplatz auf der Abbildung ideale Startbedingungen?</h1><p>A) Bei Windstille</p><p>B) Bei 2-4 km/h Wind direkt von vorne</p><p>C) Bei 5 - 15 km/h Wind direkt von vorne</p><p>D) Bei 25 - 30 km/h Wind direkt von vorne</p></div>;C
<div><h1>15) Im steilen Startgelände zieht der Pilot seinen Schirm</h1><p>A) mit einem kräftigen Impuls bei durchhängenden A-Leinen auf</p><p>B) mit geringem Impuls bei gespannten A-Leinen auf</p><p>C) am besten nur rückwärts auf</p><p>D) mit der gleichen Technik wie im flachen Startgelände auf</p></div>;B
<div><h1>16) Beim Vorflugcheck</h1><p>A) wird die Wetterentwicklung beurteilt</p><p>B) werden die Splinte des Rettungsgerätes kontrolliert</p><p>C) werden die Leinen sortiert und kontrolliert</p><p>D) Alle sind richtig</p></div>;D
<div><h1>17) Abbildung 54: Die Steuerleinenstellung des Gleitschirmfliegers in der Abbildung entspricht</h1><p>A) der Minimalfahrt</p><p>B) der Grundstellung</p><p>C) der des geringsten Sinkens</p><p>D) der des besten Gleitens</p></div>;C
<div><h1>18) Was kann passieren, wen die Splinte des Rettungsgeräte-Außencontainers nicht ordnungsgemäß geschlossen sind?</h1><p>A) Der Innencontainer kann während des Startlaufs oder im Flug aus dem Außencontainer herausfallen und der Rettungsschirm kann sich öffnen</p><p>B) Der Außencontainer kann während des Startlaufs oder im Flug herausfallen und der Rettungsschirm kann sich öffnen</p><p>C) Der Auslösegriff kann sich vom Innencontainer lösen</p><p>D) Alle Antworten sind richtig</p></div>;A
<div><h1>19) Zu welchem Zeitpunkt ist der Startcheck durchzuführen?</h1><p>A) Wenn der Gleitschirm fertig ausgelegt ist und die Leinen kontrolliert sind</p><p>B) Unmittelbar vor dem Start, wenn der Pilot startbereit ist</p><p>C) In der Aufziehphase und während der Kontrollphase</p><p>D) Bevor der Pilot das Gurtzeug anlegt</p></div>;B
<div><h1>20) Beim Startcheck werden folgende Punkte einer letzten Kontrolle unterzogen:</h1><p>A) Pilot, Leinen, Kappe, Luftraum, Wind</p><p>B) Startplatz, Pilot, Kappe, Luftraum, Wind</p><p>C) Pilot, Gurtzeug, Leinen, Luftraum, Wind</p><p>D) Tragegurte, Eintrittskante, Rettungsgerät, Hindernisfreiheit, Wind</p></div>;A
<div><h1>21) Wie sollte die Schirmkappe bei den Startvorbereitungen ausgelegt werden?</h1><p>A) In ausgeprägter Pfeilform, die Kappenmitte dabei als Spitze</p><p>B) Kappe so auslegen, dass die Eintrittskante möglichst gerade (waagrecht) ist</p><p>C) In Bogenform, die in etwa der Kappenkrümmung im Flug entspricht</p><p>D) Mit eingeklappten Flügelenden, um ein zu schnelles Steigen der Kappe zu verhindern</p></div>;C
<div><h1>22) Sehr locker eingestellte Beingurte</h1><p>A) erleichtern das Hineinsetzen ins Gurtzeug nach dem Start, weil der Pilot mehr Bewegungsfreiheit hat</p><p>B) können zum vollständigen Herausrutschen aus dem Gurtzeug führen</p><p>C) können das Hineinsetzen ins Gurtzeug erschweren, weil sich das Sitzbrett schräg stellen kann</p><p>D) erlauben ein besonders komfortables Fliegen</p></div>;C
<div><h1>23) Der Frontgurt (Brustgurt) sollte</h1><p>A) stets sehr eng eingestellt werden, um dem Piloten mehr Stabilität im Gurtzeug zu geben</p><p>B) stets sehr weit eingestellt sein, um die Bewegungen der Kappe unmittelbar auf den Piloten zu übertragen</p><p>C) gerade so locker eingestellt sein, dass der Startlauf mit leichter Körpervorlage möglich ist und im Flug gut mit Körpergewichtseinsatz gesteuert werden kann</p><p>D) so eingestellt werden, wie der Pilot dies bevorzugt</p></div>;C
<div><h1>24) Ein sehr eng eingestellter Frontgurt (Brustgurt)</h1><p>A) erschwert das Beschleunigen mit Körpervorlage</p><p>B) erschwert den Körpergewichtseinsatz beim Steuern und kann u.U. die Trudeltendenz verstärken</p><p>C) kann das Verhalten des Schirmes in der Steilspirale negativ beeinflussen</p><p>D) Alle sind richtig</p></div>;D
<div><h1>25) Das Gurtzeug sollte so eingestellt sein, dass der Pilot</h1><p>A) mühelos eine aufrechte und laufbereite Abflug- und Anflughaltung einnehmen kann und in entspannter, sitzender Position fliegt</p><p>B) mühelos eine aufrechte und laufbereite Abflug- und Anflughaltung einnehmen kann in entspannter weitgehend liegender Sitzposition fliegt</p><p>C) unmittelbar nach dem Abheben möglichst schnell seine Flugposition einnehmen kann</p><p>D) während des Fluges ständig seine Kappe beobachten kann ohne den Kopf nach hinten biegen zu müssen</p></div>;A
<div><h1>27) Bestes Gleiten - geringstes Sinken. Welcher Steuerleinenstellung am Gleitschirm ist für diese Geschwindigkeitsbereiche, in der angegebenen Reihenfolge, richtig ?</h1><p>A) Voll Beschleunigt - ca. 10 cm beidseitig angebremst</p><p>B) Steuerleinen ganz gelöst - ca. 20 - 30 cm beidseitig angebremst</p><p>C) Ca. 20 cm beidseitig angebremst- ca. 50 - 60 cm beidseitig angebremst</p><p>D) Ca. 40 cm beidseitig angebremst- ca. 80 cm beidseitig angebremst</p></div>;B
<div><h1>28) Bei einem Gegenwind von 17 km/h und einer Fluggeschwindigkeit des Gleitschirmes von 34 km/h</h1><p>A) verdoppelt sich die Gleitzahl annähernd</p><p>B) halbiert sich die Gleitzahl annähernd</p><p>C) verdoppelt sich der Gleitwinkel annähernd</p><p>D) sowohl die Gleitzahl halbiert sich annähernd als auch der Gleitwinkel verdoppelt sich annähernd</p></div>;D
<div><h1>29) Bei einem Rückenwind von 20 km/h und einer Fluggeschwindigkeit des Gleitschirmes von 35 km/h</h1><p>A) fliegt der Gleitschirm mit 55 km/h über Grund</p><p>B) fliegt der Gleitschirm mit 15 km/h über Grund</p><p>C) fliegt der Gleitschirm mit 20 km/h über Grund</p><p>D) fliegt der Gleitschirm mit 35 km/h über Grund</p></div>;A
<div><h1>30) Leinen-Sortieren bei den Startvorbereitung: Welche Technik ist richtig?</h1><p>A) Von den A-Leinen über die B/C/D-Leinen zu den Steuerleinen sortieren</p><p>B) Erst die Steuerleinen, dann in der Reihenfolge: A/B/C/D-Leinen sortieren</p><p>C) Erst die Steuerleinen, dann in der Reihenfolge: D/C/B/A-Leinen sortieren</p><p>D) Erst die A-Leinen, dann die Steuerleinen, dann die restlichen Leinen sortieren</p></div>;C
<div><h1>32) Mit der Geschwindigkeit des besten Gleitens</h1><p>A) legt der Schirm die weiteste Strecke zurück</p><p>B) hat der Schirm den geringsten Höhenverlust</p><p>C) fliegt man aus Sicherheitsgründen in Turbulenzen</p><p>D) ist am wenigsten mit Einklappern zu rechnen</p></div>;A
<div><h1>34) Flacher Startplatz und Windstille. Der Pilot zieht seinen Schirm</h1><p>A) mit einem deutlichen Impuls bei leicht durchhängenden A-Leinen auf</p><p>B) mit geringem Impuls bei gespannten A-Leinen auf</p><p>C) am besten nur rückwärts auf</p><p>D) mit der gleichen Technik wie im steilen Startgelände auf</p></div>;A
<div><h1>35) Flacher Startplatz und Windstille. Worauf muss der Pilot nach der Startentscheidung besonders achten?</h1><p>A) Alle Antworten sind richtig</p><p>B) Dass er die Beschleunigungsphase mit moderatem Gehtempo beginnt</p><p>C) Dass er seine Geschwindigkeit gleichmäßig mit größer werdenden Schritten steigert, um der Schirmkappe nicht "davonzulaufen"</p><p>D) Dass er im Startlauf durch dosiertes Lösen der Steuerleinen der Schirmkappe ermöglicht, zusammen mit dem schneller werdenden Piloten zu beschleunigen</p></div>;A
<div><h1>36) Am Startplatz wechselt mäßiger Rückenwind mit deutlichen thermischen Ablösungen von vorne. Wie sollte sich der Pilot verhalten?</h1><p>A) In einer Aufwindphase starten</p><p>B) In einer Rückenwindphase starten</p><p>C) Nicht starten, die Verhältnisse deuten auf eine Leesituation hin</p><p>D) Nur starten, wenn der Rückenwind nicht stärker als 10 km/h ist</p></div>;C
<div><h1>37) Am Startplatz herrschen böige Windbedingungen mit Geschwindigkeiten zwischen 5 und 20 km/h und Windrichtungsabweichungen bis 45 Grad von der Startrichtung. Der Pilot</h1><p>A) muss sich auf turbulente Flugbedingungen einstellen</p><p>B) sollte nicht starten, wenn er wenig Erfahrung hat oder einen ruhigen Genussflug geplant hat</p><p>C) muss besonders auf Turbulenzen im Lee möglicher Hindernisse im Start- und Abflugbereich achten</p><p>D) Alle sind richtig</p></div>;D
<div><h1>38) Welche Aussagen sind hinsichtlich Starts in Waldschneisen richtig?</h1><p>A) Waldschneisen sind ideale Startplätze</p><p>B) In Waldschneisen darf generell nicht gestartet werden</p><p>C) Bei Seitenwind bilden sich gefährliche Turbulenzen</p><p>D) Bei Wind von vorne bilden sich gefährliche Turbulenzen</p></div>;C
<div><h1>39) In welcher Flugsituation ist das Fliegen mit Minimalfahrt empfehlenswert?</h1><p>A) In keiner, Fliegen mit Minimalfahrt ist sehr gefährlich</p><p>B) In schwacher Thermik, um möglichst lange im Aufwind zu bleiben</p><p>C) In starker Thermik, um die Schirmkappe stabil zu halten</p><p>D) Im Endanflug, um eine niedrige Landegeschwindigkeit zu erreichen</p></div>;A
<div><h1>40) In welcher Flugsituation ist das Fliegen mit der Geschwindigkeit des geringsten Sinkens empfehlenswert?</h1><p>A) In keiner, Fliegen mit geringstem Sinken ist sehr gefährlich</p><p>B) In schwacher bis mäßig starker Thermik und beim Hangsoaring</p><p>C) Bei Talquerungen auf Streckenflügen</p><p>D) Um einen weit entfernten Landeplatz zu erreichen</p></div>;B
<div><h1>41) In welcher Flugsituation ist das Fliegen mit der Geschwindigkeit des besten Gleitens empfehlenswert?</h1><p>A) In schwacher bis mäßig starker Thermik</p><p>B) Beim Hangsoaring</p><p>C) Um einen weit entfernten Landeplatz zu erreichen</p><p>D) Generell auf Streckenflügen</p></div>;C
<div><h1>42) Abbildung 13: Die Abbildung zeigt einen Gleitschirm beim Einflug in die Thermik. Wie sollte sich der Pilot in dieser Situation verhalten?</h1><p>A) Den Schirm sofort deutlich anbremsen um die Sinkgeschwindigkeit zu verringern und die Kappe zu stabilisieren</p><p>B) Mit gleicher Steuerleinenstellung weiterfliegen</p><p>C) Sofort Einkreisen um im Thermikzentrum zu bleiben</p><p>D) Den erhöhten Anstellwinkel durch beidseitiges, weiches Nachlassen der Steuerleinen kompensieren</p></div>;D
<div><h1>43) Abbildung 14: Die Abbildung zeigt einen Gleitschirm beim Ausflug aus einer Thermik. Wie sollte sich der Pilot in dieser Situation verhalten?</h1><p>A) Anstellwinkelkontrolle: Die Nickbewegung nach vorne durch einen beidseitigen Steuerleinenimpuls stoppen</p><p>B) Beide Bremsen freigeben um keinen Sackflug zu provozieren</p><p>C) Betätigung des Beschleunigungssystems um schnell aus dem Abwindbereich der Thermik zu kommen</p><p>D) Die Rollbewegung nach vorne stoppen</p></div>;A
<div><h1>44) Welche Aussagen zur Peilmethode beim Überfliegen von Hindernissen sind richtig?</h1><p>A) Wandert das angepeilte Hindernis deutlich Richtung Hintergrund, ist ein Überfliegen nicht möglich</p><p>B) Wandert das angepeilte Hindernis deutlich Richtung Vordergrund, ist ein Überfliegen möglich</p><p>C) Behält das angepeilte Hindernis seine Position ohne wesentliche Änderung bei, ist ein sicherer Überflug nicht möglich</p><p>D) Alle sind richtig</p></div>;D
<div><h1>45) Wie soll sich der Pilot beim Ausfall einer Steuerleine verhalten?</h1><p>A) Sofort das Rettungsgerät auslösen</p><p>B) Der Schirm bleibt in diesem Fall durch Steuerung mit Gewichtsverlagerung voll steuerbar</p><p>C) Der Schirm bleibt über die hinteren Tragegurte, bei deutlich kürzeren Steuerwegen, steuerbar</p><p>D) Der Schirm bleibt über die A- Tragegurte, bei deutlich längeren Steuerwegen, steuerbar</p></div>;C
<div><h1>46) Eine Hanglandung mit dem Gleitschirm</h1><p>A) erfolgt gegen den Wind</p><p>B) erfolgt hangaufwärts</p><p>C) erfolgt hangabwärts</p><p>D) erfolgt quer zum Hang</p></div>;D
<div><h1>47) Ist eine Landung im Wald unvermeidbar, muss der Pilot</h1><p>A) versuchen, in einer Lichtung zu landen, auch wenn diese sehr klein ist</p><p>B) gezielt und frontal in einen Baum hinein fliegen</p><p>C) gezielt mit einer Flügelseite in einen Baum fliegen um die Verletzungsgefahr durch Stamm und Äste für den Piloten minimieren</p><p>D) unmittelbar vor der Baumberührung das Rettungsgerät auslösen</p></div>;B
<div><h1>48) Mit was muss der Pilot an Berghängen unterhalb von Almen, Berghütten und größeren Holzeinschlägen stets rechnen?</h1><p>A) Mit niedrig über dem Boden verlaufenden, schlecht sichtbaren Telefonleitungen</p><p>B) Mit heftigen Turbulenzen</p><p>C) Mit schlecht sichtbaren Kabeln von Materialseilbahnen</p><p>D) Alle sind richtig</p></div>;C
<div><h1>49) Ein Pilot wird beim Fliegen von einem Regenschauer überrascht. Welche Aussagen zum richtigen Pilotenverhalten sind korrekt?</h1><p>A) Sofort eine Steilspirale einleiten um schnellstmöglich Höhe abzubauen und rasch landen zu können</p><p>B) Wegen großer Einklappgefahr sofort die Ohren anlegen und das Niederschlagsgebiet schnellstmöglich verlassen</p><p>C) Niederschlagsgebiet schnellstmöglich verlassen. Zur Kompensierung der Sackflug- bzw. Trudelgefahr beschleunigen, keine Abstiegshilfen mit nassem Schirm durchführen, Steuerleinen sehr dosiert einsetzen</p><p>D) Niederschlagsgebiet schnellstmöglich verlassen. Schirm durch starkes Anbremsen stabilisieren</p></div>;C
<div><h1>50) Ein Pilot fliegt mit einer Geschwindigkeit zwischen bestem Gleiten und geringstem Sinken (Grundstellung) in turbulenten Flugbedingungen. Lässt der Steuerdruck auf den Bremsen beidseitig deutlich nach,</h1><p>A) will die Kappe nach hinten nicken, der Pilot muss in diesem Fall die Bremsen sofort freigeben um einen Strömungsabriss zu vermeiden</p><p>B) will die Kappe nach hinten nicken, der Pilot muss in diesem Fall sofort beidseitig anbremsen um einen Einklapper zu verhindern</p><p>C) will die Kappe nach vorne nicken, der Pilot muss bis zum Erreichen des ursprünglichen Steuerdrucks anbremsen um ein Einklappen zu verhindern</p><p>D) will die Kappe nach vorne nicken, der Pilot muss in diesem Fall beide Bremsen vollständig freigeben um einen Einklapper zu verhindern</p></div>;C
<div><h1>51) Ein Pilot fliegt mit einer Geschwindigkeit zwischen bestem Gleiten und geringstem Sinken (Grundstellung). Steigt der Steuerdruck auf den Bremsen beidseitig deutlich an,</h1><p>A) will die Kappe nach hinten nicken, der Pilot muss die Bremsen bis zum Erreichen des ursprünglichen Steuerdrucks freigeben</p><p>B) will die Kappe nach hinten nicken, der Pilot muss in diesem Fall sofort beidseitig anbremsen um einen Einklapper zu verhindern</p><p>C) will die Kappe nach vorne nicken, der Pilot muss beidseitig bis zum Erreichen des ursprünglichen Steuerdrucks anbremsen um ein Einklappen zu verhindern</p><p>D) will die Kappe nach vorne nicken, der Pilot muss in diesem Fall beide Bremsen vollständig freigeben um einen Einklapper zu verhindern</p></div>;A
<div><h1>52) Ein Pilot fliegt mit einer Geschwindigkeit zwischen bestem Gleiten und geringstem Sinken (Grundstellung). Schlagartig lässt der Steuerdruck auf einer Bremse vollständig nach. Der Schirm</h1><p>A) beginnt einseitig zu entlasten. Mit Nachbremsen bis zum gewohnten Steuerdruck kann ein seitliches Einklappen verhindert werden</p><p>B) ist am Beginn einer Trudelbewegung (Negativdrehung). Die betroffene Steuerleine muss sofort vollständig freigegeben werden</p><p>C) gerät vermutlich sofort in eine Steilspirale. Kräftiges Anbremsen auf der Gegenseite ist hier die richtige Pilotenreaktion</p><p>D) Alle sind möglich</p></div>;A
<div><h1>53) Die optische Kontrolle der Fluglage in turbulenten Bedingungen erfolgt</h1><p>A) durch das Beobachten der Kappe um Störungen wie Einklapper oder Strömungsabrisse bereits im Ansatz zu erkennen</p><p>B) durch Blick in Flugrichtung, um Abweichungen wie Vor- oder Zurücknicken, Abkippen etc. zu erkennen</p><p>C) durch Beobachten des Variometers, um gefährlich starkes Steigen oder Sinken zu erkennen</p><p>D) durch Blick zum Boden, um eine möglicherweise gefährliche Annäherung rechtzeitig zu erkennen</p></div>;B
<div><h1>54) Abbildung 15: Der Pilot in der Abbildung fliegt von West nach Ost über dem Grat. In Grathöhe herrscht ein laminarer Nordwind mit 15 km/h. Im Moment befindet sich der Pilot</h1><p>A) auf der Leeseite im Abwindbereich</p><p>B) auf der Leeseite im Aufwindband</p><p>C) auf der Luvseite im Aufwindband</p><p>D) auf der Luvseite im Abwindbereich</p></div>;C
<div><h1>55) Abbildung 15: Der Pilot in der Abbildung fliegt von West nach Ost über dem Grat. 25 km/h laminarer Nordwind in Grathöhe. Welche Aussagen zu möglichen Gefahren für den Piloten in seiner Flugposition sind richtig ?</h1><p>A) Der Pilot befindet sich bereits deutlich im Lee und muss mit schweren Turbulenzen rechnen</p><p>B) Mit zunehmendem Höhengewinn wird die Aufwindkomponente schwächer und die horizontale Windgeschwindigkeit größer. Es besteht die Gefahr ins Lee abgetrieben zu werden</p><p>C) Die hohe Windgeschwindigkeit verschlechtert den Gleitwinkel des Schirmes so stark, dass ein Erreichen des Landeplatzes in diesem flachen Gelände nicht mehr möglich ist</p><p>D) Antwortmöglichkeiten \"mit zunehmendem Höhengewinn...\" und \"Die hohe Windgeschwindigkeit...\" sind richtig.</p></div>;B
<div><h1>56) In turbulenten Flugbedingungen muss der Pilot zur Stabilisierung seines Schirmes</h1><p>A) ständig mit der Steuerleinenstellung für geringstes Sinken fliegen um den Staudruck in der Kappe zu erhöhen</p><p>B) beschleunigt fliegen, denn "Geschwindigkeit ist Sicherheit"</p><p>C) mit den Steuerleinen auf ansteigenden oder nachlassenden Steuerdruck reagieren</p><p>D) die Ohren anlegen, um der Kappe eine höhere Stabilität gegen Einklapper zu geben</p></div>;C
<div><h1>57) Ein seitlicher Einklapper kündigt sich meist an durch</h1><p>A) schlagartig ansteigenden Steuerdruck an der Steuerleine der betreffenden Seite und Abkippen des Gurtzeugs zu dieser Seite</p><p>B) deutlich nachlassenden Steuerdruck an der Steuerleine der betreffenden Seite und Abkippen des Gurtzeugs zu dieser Seite</p><p>C) deutlich nachlassender Steuerdruck an der Steuerleine der Gegenseite und Abkippen des Gurtzeugs zu dieser Seite</p><p>D) ein laut raschelndes Geräusch der Kappe</p></div>;B
<div><h1>58) Wie muss sich der Pilot verhalten, wenn der Schirm nach einem Einklapper wegzudrehen beginnt?</h1><p>A) Zunächst die eingeklappte Seite durchbremsen um den Klapper zu öffnen, anschließend Richtungskorrektur mit Gegenbremse und Gewichtsverlagerung</p><p>B) Beide Bremsen müssen vollständig freigegeben werden, damit kein Strömungsabriss provoziert wird</p><p>C) Richtungskorrektur und Wiederöffnung des Einklappers erfolgen gleichzeitig durch beidseitiges kräftiges Durchbremsen mit den Steuerleinen</p><p>D) Blick in Flugrichtung, Richtungskorrektur mit Gegenbremse und Gewichtsverlagerung, anschließend die eingeklappte Seite durchbremsen und Klapper öffnen</p></div>;D
<div><h1>59) Bei großen seitlichen Einklappern (mehr als die Hälfte der Fläche)</h1><p>A) wird der Schirm am besten mit einem Fullstall unter Kontrolle gebracht</p><p>B) besteht bei starkem Gegenbremsen die akute Gefahr eines einseitigen Strömungsabrisses</p><p>C) dreht der Schirm meist ansatzlos negativ weg</p><p>D) Alle sind richtig</p></div>;B
<div><h1>60) Wohin sollte der Pilot bei einem Einklapper blicken um Drehgeschwindigkeit, Höhenverlust, Hindernisannäherung und Flugrichtung zu kontrollieren?</h1><p>A) Zum Boden</p><p>B) In die Schirmkappe</p><p>C) Nur zur eingeklappten Flügelseite</p><p>D) In Flugrichtung</p></div>;D
<div><h1>61) Wenn die Gleitschirmkappe, z.B. beim Herausfallen aus einer Thermik, deutlich nach vorne schießt muss das Vorschießen durch Anbremsen gestoppt werden. Wie erfolgt dieses Anbremsen?</h1><p>A) Mit einem zügigen, deutlichen Bremsimpuls bis das Vorschießen gestoppt ist und anschließendem weichen Freigeben der Steuerleinen</p><p>B) Weich und dosiert, anschließend schnell freigeben</p><p>C) Durch schnelles Wickeln der Steuerleinen um die Handflächen und Halten der Bremsen</p><p>D) Beide Steuerleinen langsam aber weit nach unten ziehen und langsam wieder frei geben</p></div>;A
<div><h1>62) Welche Aussagen zur Änderung des Steuerdruckes über den Verlauf des Steuerweges sind richtig?</h1><p>A) Hoher Druck im oberen Steuerbereich, mäßiger Druck im mittleren Bereich, geringer Druck im unteren Bereich</p><p>B) Gleichbleibender Steuerdruck über den gesamten Steuerweg</p><p>C) Der Steuerdruck nimmt nach unten hin deutlich zu und ist im Bereich der Minimalgeschwindigkeit, kurz vor dem Strömungsabriss am höchsten</p><p>D) Der Steuerdruck nimmt nach unten hin deutlich ab und ist im Bereich der Minimalgeschwindigkeit am niedrigsten</p></div>;C
<div><h1>63) Wie verhält sich der Steuerdruck beim beginnenden Strömungsabriss?</h1><p>A) Der Steuerdruck steigt schlagartig an</p><p>B) Der Steuerdruck lässt markant nach</p><p>C) Der beginnende Strömungsabriss ist an einer Veränderung des Steuerdrucks nicht zu erkennen</p><p>D) Beim beginnenden Strömungsabriss ist keinerlei Druck auf der Bremse</p></div>;B
<div><h1>64) Abbildung 16: Die Abbildung zeigt</h1><p>A) verknotete Leinen, die wegen schlampiger Startvorbereitung nicht bemerkt worden sind</p><p>B) Ohrenanlegen</p><p>C) einen Einklapper, der sich seitlich in den Fangleinen verhangen hat, einen sog. "Verhänger"</p><p>D) einen einseitigen Strömungsabriss</p></div>;C
<div><h1>65) Warum kann ein Verhänger den Gleitschirm innerhalb kürzester Zeit in extreme Rotation bringen, wenn der Pilot keine Gegenmaßnahmen trifft?</h1><p>A) Weil die Strömung, aufgrund des hohen Anstellwinkels an der verhängten Seite des Gleitschirmes, vollständig abgerissen ist</p><p>B) Wegen des hohen und anhaltenden Widerstands an dem verhängten Flügelteil</p><p>C) Weil die verknoteten Leinen den Schirm einseitig stark abbremsen</p><p>D) Weil der in den Fangleinen verfangene Rettungsschirm den Gleitschirm einseitig stark abbremst</p></div>;B
<div><h1>66) Welches Schirmverhalten ist bei Verhängern ohne Pilotenreaktion typisch?</h1><p>A) Sofortiges schlagartiges Wegdrehen in Richtung des verhängten Flügels</p><p>B) Ansatzloses Trudeln (Negativdrehen)</p><p>C) Langsames, über mehrere Umdrehungen allmählich schneller werdendes Drehen in Richtung des verhängten Flügels</p><p>D) Anfangs kurzzeitig mäßig schnelles, anschließend sehr schnelles Drehen in Richtung des verhängten Flügels mit weiterer Beschleunigung</p></div>;D
<div><h1>67) Nach dem Start zieht der Schirm ohne Piloteneinfluss deutlich zu einer Seite. Der Pilot bemerkt, dass mehrere Galerieleinen der C - und D - Ebene einer Flügelseite miteinander verknotet sind. Wie sollte er reagieren?</h1><p>A) Richtungskorrektur mit der Gegenbremse, anschließend durch leicht ruckartiges Ziehen der betroffenen Leinen versuchen, den Leinenknoten sofort zu lösen</p><p>B) Sofort notlanden, falls erforderlich auch in einem Baum</p><p>C) Einen Fullstall einleiten um den Leinenknoten zu lösen</p><p>D) Richtungskorrektur mit Gewichtsverlagerung und dosierter Gegenbremse, anschließend Hangabstand gewinnen, Lösungsversuche erst mit großem Bodenabstand</p></div>;D
<div><h1>68) Der Pilot hat nach dem Start einen Leinenkonten zwischen C- und D-Galerieleinen am linken Außenflügel festgestellt, der den Schirm leicht zu dieser Seite drehen lässt. Mit Gewichtsverlagerung nach rechts und leichter Gegenbremse rechts kann die Drehbewegung ausgeglichen und der Schirm auf Kurs gehalten werden. Mit genügend Hang- und Bodenabstand versucht er durch Ziehen an den betreffenden Stammleinen den Knoten zu lösen, was nicht gelingt. Was sollte er jetzt tun?</h1><p>A) Zum Landeplatz fliegen, abrupte Steuerbewegungen unterlassen, großräumiger Landeanflug, ggf. Außenlandung auf weiträumiger Fläche, Kurven möglichst nur nach rechts ausführen</p><p>B) Bei ausreichender Höhe empfiehlt sich das Erfliegen eines Fullstalls. Durch den starken Zug auf die Fangleinen werden die verknoteten Leinen zuverlässig gelöst</p><p>C) Den Flug wie geplant fortsetzen, der kleine Leinenknoten stört dabei nicht</p><p>D) Zum Landeplatz fliegen, abrupte Steuerbewegungen unterlassen, großräumiger Landeanflug, ggf. Außenlandung auf weiträumiger Fläche, Kurven möglichst nur nach links ausführen</p></div>;D
<div><h1>69) Die Köperhaltung des Piloten im Abflug</h1><p>A) sollte aufrecht und laufbereit sein</p><p>B) ist ideal mit starker Körpervorlage</p><p>C) ist ideal mit ausgeprägter Schrittstellung</p><p>D) ist von seiner Körpergröße abhängig</p></div>;A
<div><h1>70) Wie sollte sich der Pilot verhalten, wenn er bemerkt, dass die Strömung am Flügel einseitig abzureißen beginnt, weil eine Bremsleine zu weit heruntergezogen ist?</h1><p>A) Die Bremse unten halten um eine Drehbewegung zu verhindern</p><p>B) Beide Bremsen sofort ganz durchziehen</p><p>C) Heruntergezogene Bremse sofort ganz freigeben</p><p>D) In dieser Situation nichts tun, der Schirm stabilisiert sich von selbst</p></div>;C
<div><h1>71) Eine beginnende Trudelbewegung wird gestoppt</h1><p>A) durch Anbremsen der Gegenseite</p><p>B) durch gefühlvolles Gegensteuern</p><p>C) durch sofortiges vollständiges Lösen der heruntergezogenen Bremse</p><p>D) durch Aufpumpen und Gegensteuern</p></div>;C
<div><h1>72) Als Twist bezeichnet man</h1><p>A) das Eindrehen der Leinen und Tragegurte oberhalb der Aufhängung</p><p>B) eine Überkreuzung der Beine im Abflug</p><p>C) die Ausleitung einer Extremflugsituation</p><p>D) das verdrehte Einhängen eines Tragegurtes in den Gurtzeugkarabiner bei den Startvorbereitungen</p></div>;A
<div><h1>73) Welche Bauart von Gleitschirm-Gurtzeugen begünstigt das Vertwisten der Leinen bei abrupten Richtungsänderungen, z.B. nach einem seitlichen Einklapper?</h1><p>A) Sitzgurtzeuge in Standard-Bauart</p><p>B) Wendegurtzeuge</p><p>C) Bergsteiger-Gurtzeuge</p><p>D) Verkleidete Gurtzeuge (Liegegurtzeuge)</p></div>;D
<div><h1>74) Wie bezeichnet man die drei Phasen einer Steilspirale?</h1><p>A) Einleitphase, Überleitphase, Ausleitphase</p><p>B) Einleitphase, Spiralphase, Ausleitphase</p><p>C) Eingangsphase, Spiralphase, Ausgangsphase</p><p>D) Eintrittsphase, Spiralphase, Austrittsphase</p></div>;B
<div><h1>75) Welche Sinkgeschwindigkeit sollte eine kontrollierte Steilspirale aufweisen?</h1><p>A) 8 -12 m pro Sek.</p><p>B) 6 - 8 m pro Sek.</p><p>C) 12 - 15 m pro Sek.</p><p>D) 15 - 20 m pro Sek.</p></div>;A
<div><h1>76) Der Übergang von der Einleitphase in die Spiralphase ist</h1><p>A) durch markant anwachsende Fliehkräfte gekennzeichnet. Durch Anbremsen der Kurvenaußenseite und Nachlassen der kurveninneren Bremse werden jetzt Schräglage und Sinkgeschwindigkeit kontrolliert</p><p>B) durch langsam sich steigernde Fliehkräfte gekennzeichnet. Der Pilot darf die kurvenäußere Bremse nicht betätigen um die beginnende Spirale nicht zu verlangsamen</p><p>C) gefährlich und muss in jedem Fall verhindert werden</p><p>D) vom Piloten durch energisches Durchziehen der kurveninneren Steuerleine zu unterstützen</p></div>;A
<div><h1>77) In welcher Höhe über Grund muss der Schirm spätestens aus der Steilspirale ausgeleitet und in den Normalflug übergegangen sein?</h1><p>A) 500 m</p><p>B) 100 m</p><p>C) 50 m</p><p>D) 200 m</p></div>;D
<div><h1>78) Welche Faktoren verlängern die Startstrecke?</h1><p>A) Hohe Temperaturen bzw. hoch gelegene Startplätze</p><p>B) Tiefe Temperaturen an hoch gelegenen Startplätzen</p><p>C) Tiefe Temperaturen bzw. tief gelegene Startplätze</p><p>D) Weder die Temperatur noch die Starthöhe hat einen Einfluss auf die Länge der Startstrecke</p></div>;A
<div><h1>79) Bei Rückenwind</h1><p>A) muss die Laufgeschwindigkeit leicht erhöht werden</p><p>B) ist ein Rückwärtsstart sinnvoll</p><p>C) kein Start !</p><p>D) muss die Laufgeschwindigkeit stark erhöht werden</p></div>;C
<div><h1>80) Abbildung 17: Die Abbildung zeigt einen großflächigen seitlichen Einklapper im Moment des Einklappens. Welche Aussagen zum voraussichtlichen Verhalten des Schirmes sind korrekt, wenn der Pilot passiv bleibt?</h1><p>A) Der Schirm wird ansatzlos und schnell zu eingeklappten Seite wegdrehen und dabei vorschießen</p><p>B) Der Schirm wird nach kurzem Durchsacken zur eingeklappten Seite wegdrehen und dabei vorschießen</p><p>C) Der Schirm wird unmittelbar in einen Spiralsturz geraten, der nicht auszuleiten ist</p><p>D) Bei seitlichen Einklappern dieser Größe ist nicht mit markantem Wegdrehen und Vorschießen zu rechnen</p></div>;B
<div><h1>81) Abbildung 17: Die Abbildung zeigt einen großflächigen seitlichen Einklapper im Moment des Einklappens. Was sollte der Pilot als nächstes tun um die Kontrolle über das Gerät zu behalten?</h1><p>A) Blick zum Boden, beide Steuerleinen ca. 60 - 80 cm durchziehen, dadurch wird das Wegdrehen verhindert und die Öffnung des Einklappers unterstützt</p><p>B) Blick zum Einklapper, auf der offenen, nicht eingeklappten Seite energisch und tief bremsen um die Drehbewegung im Ansatz zu verhindern</p><p>C) Blick zum Vario zur Höhenkontrolle, Drehbewegung zulassen, erst nach einer vollständigen Umdrehung auf der offenen Seite stark anbremsen</p><p>D) Blick in Flugrichtung, starkes seitliches Abkippen im Gurtzeug verhindern (Gewichtsverlagerung mit Unterstützung des Ellenbogens), bereit sein, Wegdrehen und Vorschießen der Kappe durch Anbremsen der offenen Seite zu kontrollieren</p></div>;D
<div><h1>82) Abbildung 17: Bei einem seitlichen Einklapper wie auf der Abbildung, ist der Steuerweg bis zum Strömungsabriss auf der offenen Seite</h1><p>A) wegen des vergleichsweise hohen Anstellwinkels besonders gering</p><p>B) wegen des vergleichsweise kleinen Anstellwinkels besonders groß</p><p>C) gleich groß wie mit nicht eingeklappter Fläche</p><p>D) wegen der Größe der eingeklappten Fläche besonders groß</p></div>;A
<div><h1>84) Abbildung 21: Abbildung: Der Schirm ist nach einem seitlichen Einklapper in eine schnelle Drehung nach links geraten und schießt dabei stark vor. Welche Steueraktion sollte der Pilot als nächstes tun um die Kontrolle über das Gerät zu behalten?</h1><p>A) Beide Steuerleinen ca. 60 - 80 cm durchziehen, dadurch wird das Wegdrehen verhindert und die Öffnung des Einklappers unterstützt</p><p>B) Kurzzeitig energisch und deutlich die offene, nicht eingeklappte Seite anbremsen, bis das Vorschießen und Wegdrehen gestoppt ist, dann Bremse wieder freigeben</p><p>C) Drehbewegung zulassen, erst nach einer vollständigen Umdrehung auf der offenen Seite stark anbremsen</p><p>D) Sofort den Rettungsschirm auslösen</p></div>;B
<div><h1>85) Abbildung 21: Bei einem seitlichen Einklapper wie auf der Abbildung, ist der Steuerweg bis zum Strömungsabriss auf der offenen Seite</h1><p>A) wegen des vergleichsweise hohen Anstellwinkels besonders gering</p><p>B) wegen des vergleichsweise kleinen Anstellwinkels besonders groß</p><p>C) wegen der Größe der eingeklappten Fläche besonders gering</p><p>D) wegen der Größe der eingeklappten Fläche besonders groß</p></div>;B
<div><h1>86) Abbildung 18: Die Abbildung zeigt einen Einklapper, der vom Piloten durch Gegenbremsen stabilisiert worden ist. Was ist die nächste richtige Pilotenaktion?</h1><p>A) Die Auslösung des Rettungsgerätes</p><p>B) Gegensteuern mit der Steuerleine der offenen Seite</p><p>C) Wiederöffnen des Einklapper mit der Steuerleine der eingeklappten Seite</p><p>D) Gewichtsverlagerung zur eingeklappten Seite</p></div>;C
<div><h1>87) Abbildung 18: Die Abbildung zeigt einen Einklapper, der vom Piloten durch Gegenbremsen stabilisiert worden ist. Welche Gefahrensituation ist am wahrscheinlichsten?</h1><p>A) Keine, der Pilot hat das Gerät vollständig unter Kontrolle</p><p>B) Der Anstellwinkel ist bereits relativ hoch, bei weiterem Gegenbremsen kann die Strömung abreißen</p><p>C) Der Anstellwinkel der offenen Seite ist gering, der Schirm kann in eine dynamische Drehbewegung zur eingeklappten Seite geraten</p><p>D) Der Pilot kann sich in Tragegurte und Fangleinen eintwisten</p></div>;B
<div><h1>88) Abbildung 19: Der Gleitschirmpilot auf der Abbildung befindet sich mit Trimmgeschwindigkeit auf dem Flug zum Landeplatz, der genau südlich seiner Position liegt. Während des Fluges weht ein beständiger Wind von 20 km/h aus Westen. Welchen Flugweg beschreibt der Gleitschirm, wenn der Pilot das Gerät immer genau Richtung Landeplatz ausrichtet?</h1><p>A) A</p><p>B) B</p><p>C) C</p><p>D) D</p></div>;C
<div><h1>89) Abbildung 19: Der Gleitschirmpilot auf der Abbildung befindet sich mit Trimmgeschwindigkeit auf dem Flug zum Landeplatz, der genau südlich seiner Position liegt. Während des Fluges weht ein beständiger Wind von 20 km/h aus Westen. Welchen Flugweg beschreibt der Gleitschirm, wenn der Pilot das Gerät immer genau Richtung Süden ausrichtet?</h1><p>A) A</p><p>B) B</p><p>C) C</p><p>D) D</p></div>;D
<div><h1>90) Abbildung 19: Der Gleitschirmpilot auf der Abbildung befindet sich mit Trimmgeschwindigkeit auf dem Flug zum Landeplatz, der genau südlich seiner Position liegt. Während des Fluges weht ein beständiger Wind von 20 km/h aus Westen. Welchen Flugweg beschreibt der Gleitschirm, wenn der Pilot das Gerät immer Richtung Südwesten ausrichtet?</h1><p>A) A</p><p>B) B</p><p>C) C</p><p>D) D</p></div>;B
<div><h1>91) Der Vorhaltewinkel</h1><p>A) wird durch die Richtung, nicht durch die Stärke des Seitenwindes beeinflusst</p><p>B) wird durch die Stärke, nicht durch die Richtung des Seitenwindes beeinflusst</p><p>C) muss bei zunehmenden Seitenwind verkleinert werden</p><p>D) muss bei zunehmenden Seitenwind vergrößert werden</p></div>;D
<div><h1>93) Ein Thermikbart wird von einem Ostwind mit 15 km/h deutlich Richtung Westen versetzt. Welche Aussagen sind korrekt?</h1><p>A) Bei dieser Windgeschwindigkeit kann sich kein Thermikbart bilden. Die Thermik wird vom Wind horizontal verblasen</p><p>B) Bei diesen Windgeschwindigkeiten wird die Thermik in der Regel unfliegbar turbulent</p><p>C) Der Pilot muss beim Aufdrehen deutlich gegen Osten vorhalten um nicht leeseitig aus dem Bart zu fallen</p><p>D) Der Pilot muss beim Aufdrehen deutlich gegen Westen vorhalten um nicht luvseitig aus dem Bart zu fallen</p></div>;C
<div><h1>94) Wann sollte der Pilot mit dem Kreisen in der Thermik beginnen?</h1><p>A) Wenn das Variometer nach dem stärksten Steigen wieder nachlassende Steigwerte signalisiert</p><p>B) Sofort beim Einfliegen in den Aufwind</p><p>C) Im Moment des stärksten Steigens</p><p>D) Unmittelbar vor dem Ausfliegen aus dem Aufwind, wenn das Variometer bereits wieder Sinken signalisiert</p></div>;A
<div><h1>95) Scherungsturbulenzen</h1><p>A) sind besonders an der Luvseite windversetzter Thermik zu erwarten</p><p>B) sind besonders in großflächigen Leegebieten (hinter Geländekanten, Graten etc.) zu erwarten</p><p>C) sind für den Bereich typisch, an welchem Blauthermik in die Inversion stößt</p><p>D) sind besonders an der Leeseite windversetzter Thermik zu erwarten</p></div>;D
<div><h1>96) Was ist die richtige Flugtechnik bei windversetzter Thermik?</h1><p>A) Enges, steiles Kreisen mit hoher Schräglage</p><p>B) Achtern (aufsoaren) an der Luvseite des Aufwindes</p><p>C) Kreis ausweiten im Gegenwindteil, Kreis enger fliegen im Rückenwindteil</p><p>D) Weites, flaches Kreisen mit geringer Schräglage</p></div>;C
<div><h1>97) Was signalisiert dem Piloten, dass er sich einem thermischen Aufwind annähert?</h1><p>A) Allmählich beginnendes Steigen</p><p>B) Erhöhtes Sinken, unruhige Luft</p><p>C) Nachlassen der Fahrgeräusche</p><p>D) Vermindertes Sinken, turbulenzfreie Luft</p></div>;B
<div><h1>98) Abbildung 30: Welchen Flugzustand zeigt die Abbildung?</h1><p>A) Einen seitlichen Einklapper</p><p>B) Einen frontalen Einklapper</p><p>C) Einen Verhänger</p><p>D) Einen einseitigen Strömungsabriss</p></div>;B
<div><h1>99) Abbildung 30: Welche Aussagen zum Pilotenverhalten bei einem frontalen Einklapper wie auf der Abbildung sind richtig?</h1><p>A) Nach dem Einklappen sofort beidseitig deutlich anbremsen um die Öffnung zu unterstützen</p><p>B) Sofort das Rettungsgerät auslösen</p><p>C) Mit beiden Händen an den vorderen Tragegurten festhalten um ein Abkippen nach hinten zu vermeiden</p><p>D) Hände hoch! Schirm nicht anbremsen, aber bremsbereit sein, falls die Kappe beim Anfahren weit nach vorne nickt</p></div>;D
<div><h1>100) Welche Gefahr besteht bei einem Frontklapper, wenn der Pilot beidseitig stark anbremst?</h1><p>A) Keine Gefahr, dies ist die korrekte Pilotenreaktion</p><p>B) Es besteht die Gefahr eines so genannten stabilen Frontklappers</p><p>C) Wegen des hohen Anstellwinkels nach dem frontalen Einklappen, besteht die Gefahr des Strömungsabrisses</p><p>D) Es besteht die Gefahr einer zu impulsiven Wiederöffnung des Frontklappers, was zu Leinenrissen führen kann</p></div>;C
<div><h1>101) Welches Schirmverhalten charakterisiert einen stabilen Frontklapper?</h1><p>A) Die Wiederöffnung der eingeklappten Vorderkante erfolgt nicht selbständig und muss durch Anbremsen erreicht werden</p><p>B) Nach der Wiederöffnung der eingeklappten Vorderkante verbleibt der Schirm im stabilen Sackflug</p><p>C) Nach der Wiederöffnung der eingeklappten Vorderkante geht der Schirm in ein stabile Steilspirale über</p><p>D) "Stabiler Frontklapper" wird das Schirmverhalten genannt, wenn nach einem Frontklapper keine Abweichung vom stabilen Flug erfolgt</p></div>;A
<div><h1>102) Die bei einer Steilspirale auftretenden Beschleunigungskräfte</h1><p>A) liegen weit unter dem für den menschlichen Organismus kritischen Bereich</p><p>B) können bei Untrainierten zu Schwindel, Black Out oder Bewusstlosigkeit führen</p><p>C) liegen weit über dem für den menschlichen Organismus kritischen Bereich</p><p>D) sind allenfalls in der Einleitphase kritisch</p></div>;B
<div><h1>103) Wohin sollte der Pilot während einer Steilspirale blicken?</h1><p>A) In die Schirmkappe</p><p>B) Senkrecht hinunter zum Boden</p><p>C) In Drehrichtung, der Flugrichtung ca. 90° voraus, schräg zum Boden</p><p>D) Während der Steilspirale sollten die Augen geschlossen sein</p></div>;C
<div><h1>104) Wie erfolgt die korrekte Ausleitung aus der Steilspirale?</h1><p>A) Innen- und Außenbremse zügig freigeben und auf Verlangsamung des Spiralfluges warten</p><p>B) Außenbremse stärker anziehen, Innenbremse etwas nachlassen, nach Verlangsamung Außenbremse dosiert nachlassen um aus der Spirale ins flache Kreisen zu gelangen</p><p>C) Körpergewicht deutlich zur Kurvenaußenseite verlagern, anschließend kräftiges Bremsen mit der kurvenäußeren Steuerleine</p><p>D) Zur Ausleitung werden beide Bremsen bis kurz vor den Stallpunkt heruntergezogen um den Spiralflug zu verlangsamen, anschließend zügiges Freigeben der Bremsen</p></div>;B
<div><h1>105) Während der Spiralphase wird das Körpergewicht des Piloten</h1><p>A) in neutraler Position gehalten</p><p>B) deutlich zu Kurveninnenseite verlagert</p><p>C) deutlich zu Kurvenaußenseite verlagert</p><p>D) durch die Zentrifugalkraft auf die Kurveninnenseite gedrückt</p></div>;A
<div><h1>106) Wie erfolgt die Ausleitung einer stabilen Steilspirale?</h1><p>A) Beidseitig energisch anbremsen bis zu Verlangsamung der Spirale</p><p>B) Innenbremse voll durchziehen, um die Spirale über ein Trudeln auszuleiten</p><p>C) Einen Fullstall erfliegen um die stabile Spirale zu stoppen</p><p>D) Die Kurvenaußenseite energisch anbremsen bis zu Verlangsamung und Ausleitung der Spirale, bei geringer Höhe über Grund sofort das Rettungsgerät auslösen</p></div>;D
<div><h1>107) Beim Fliegen mit "angelegten Ohren"</h1><p>A) verringert sich die Flächenbelastung und die Strömungsabrissgeschwindigkeit.</p><p>B) verringert sich die Flächenbelastung und erhöht sich die Strömungsabrissgeschwindigkeit.</p><p>C) erhöht sich die Flächenbelastung und verringert sich die Strömungsabrissgeschwindigkeit.</p><p>D) erhöht sich die Flächenbelastung und die Strömungsabrissgeschwindigkeit.</p></div>;D
<div><h1>108) Welche Aussage ist richtig? Beim Fliegen mit "angelegten Ohren"</h1><p>A) sollte der Schirm stets angebremst werden um der Einklappgefahr entgegenzuwirken</p><p>B) sollte der Schirm beschleunigt werden um der Sackfluggefahr entgegenzuwirken</p><p>C) sollten die Bremsgriffe ganz losgelassen werden um der Sackfluggefahr entgegenzuwirken</p><p>D) wird der Schirm über die hinteren Tragegurte gesteuert</p></div>;B
<div><h1>109) Welche Reihenfolge für das Einleiten des Manövers Ohren anlegen und Beschleunigen ist richtig?</h1><p>A) Ohren anlegen - Beschleuniger vorbereiten - beschleunigen</p><p>B) Beschleuniger vorbereiten - Beschleunigen - Ohren anlegen</p><p>C) Ohren anlegen - beidseitig anbremsen - beschleunigen</p><p>D) Beschleuniger vorbereiten - Ohren anlegen - beschleunigen</p></div>;D
<div><h1>110) Welche Reihenfolge zum Ausleiten des Manövers "Ohrenanlegen mit voller Beschleunigung" ist richtig?</h1><p>A) Voll beschleunigt die A-Leinen freigeben - zum Öffnen beidseitig deutlich anbremsen - beschleunigen beenden</p><p>B) Beschleuniger auf 50% zurücknehmen- A-Leinen freigeben - Öffnung abwarten - Beschleuniger ganz zurücknehmen</p><p>C) Beschleuniger ganz zurücknehmen - A-Leinen freigeben und zum Öffnen sofort beidseitig deutlich anbremsen</p><p>D) Beschleuniger ganz zurücknehmen - A-Leinen freigeben - Öffnung abwarten</p></div>;B
<div><h1>111) Zum aktiven Öffnen nicht selbständig ausklappender "angelegter Ohren",</h1><p>A) muss kräftig und weit beidseitig durchgebremst werden, weil in der Regel nur so die eingeklappten Flügelenden zu öffnen sind</p><p>B) muss kräftig und weit einseitig durchgebremst werden um einen beidseitigen Strömungsabriss zu verhindern</p><p>C) darf nur bis zum mittleren Steuerleinenbereich einseitig oder beidseitig angebremst werden</p><p>D) ist das Herunterziehen der hinteren Tragegurte am effektivsten</p></div>;C
<div><h1>112) Beim Einleiten des Manövers "Ohren anlegen"</h1><p>A) werden im Regelfall die jeweils beiden äußeren A-Leinen an jedem Tragegurt heruntergezogen</p><p>B) sollten die Bremsgriffe ganz losgelassen werden</p><p>C) sollten die Bremsen einmal gewickelt werden</p><p>D) muss vor dem Herunterziehen der äußersten A-Leinen kontrolliert werden, ob man die richtigen Leinen ergriffen hat</p></div>;D
<div><h1>113) Der B-Stall muss</h1><p>A) mäßig schnell eingeleitet und zügig ausgeleitet werden</p><p>B) schnell eingeleitet und schnell ausgeleitet werden (B-Gurte aus der gezogenen Position loslassen)</p><p>C) schnell eingeleitet und langsam ausgeleitet werden</p><p>D) langsam eingeleitet und langsam ausgeleitet werden, ein Vorschießen der Kappe ist anschließend zurückzubremsen</p></div>;A
<div><h1>114) Ein Sackflug nach dem B-Stall kann provoziert werden,</h1><p>A) wenn die B-Gurte in der gezogenen Position losgelassen, die Bremsen aber gehalten werden</p><p>B) wenn die B-Gurte zu langsam freigegeben werden</p><p>C) wenn der Schirm beim Vornicken aus dem B-Stall angebremst wird</p><p>D) Alle sind richtig</p></div>;D
<div><h1>115) Die Ausleitung eines Dauersackflugs erfolgt</h1><p>A) durch beidseitiges Schließen der Trimmer</p><p>B) durch Einleitung einer Steilkurve</p><p>C) durch Herunterziehen bzw. Vordrücken der A-Tragegurte oder Betätigen des Beschleunigers</p><p>D) durch beidseitiges Anbremsen bis zum Stallpunkt</p></div>;C
<div><h1>116) Trudeln</h1><p>A) wird besonders durch extrem langsames Kreisen oder abruptes, tiefes Herunterziehen einer Steuerleine verursacht</p><p>B) ist wegen der hohen Twistgefahr extrem gefährlich</p><p>C) muss bereits im ersten Ansatz durch Freigeben der kurveninneren Bremse verhindert werden</p><p>D) Alle sind richtig</p></div>;D
<div><h1>117) Wie erkennt der Pilot, dass sich der Gleitschirm im stabilen Sackflug befindet?</h1><p>A) Fehlender Fahrtwind, hohes Sinken, faltiges Untersegel, Windspion zeigt annähernd senkrecht nach oben</p><p>B) Starke Fahrtgeräusche, hoher Steuerdruck auf den Bremsen, Windspion zeigt annähernd waagerecht nach hinten</p><p>C) Das Gerät geht selbständig in einen steiler werdenden Spiralsturz über, Windspion flattert</p><p>D) Die Flügelenden sind nach vorne umgeknickt, auf den Bremsen ist starker Steuerdruck, Windspion zeigt annähernd senkrecht nach unten</p></div>;A
<div><h1>118) Zur Ausleitung eines Fullstalls</h1><p>A) werden beide Bremsen langsam (Zeitdauer ca. 5 Sek.) freigegeben</p><p>B) werden beide Bremsen zunächst zügig, die letzten 40 cm dann langsam freigegeben</p><p>C) werden beide Bremsen mäßig schnell (Zeitdauer ca. 2 Sek.) vollständig freigegeben</p><p>D) wird eine Bremse zügig freigegeben, die andere wird weiter unten gehalten</p></div>;C
<div><h1>119) Wie wird das Rettungsgerät ausgelöst?</h1><p>A) Innencontainer am Griff aus dem Außencontainer herausziehen, kraftvoll in den freien Luftraum schleudern, Griff dabei loslassen</p><p>B) Innencontainer am Griff aus dem Außencontainer herausziehen, Innencontainer fallen lassen, Griff dabei loslassen</p><p>C) Nach kurzem Zug am Rettungsgerätegriff löst dieses selbständig aus</p><p>D) Innencontainer am Griff aus dem Außencontainer herausziehen, kraftvoll in den freien Luftraum schleudern, Griff dabei festhalten</p></div>;A
<div><h1>121) Abbildung 53: Die Abbildung zeigt einen Gleitschirmflieger im Gleitflug. Welche Aussage ist richtig?</h1><p>A) Der Pilot fliegt mit der Geschwindigkeit des besten Gleitens</p><p>B) Der Pilot fliegt mit der Geschwindigkeit des geringsten Sinkens</p><p>C) Der Pilot fliegt mit Minimalgeschwindigkeit</p><p>D) Der Pilot hat die Steuerleinen in Grundstellung</p></div>;D
<div><h1>122) Eine ausgeprägte Erkältung</h1><p>A) ist kein Grund auf das Fliegen verzichten zu müssen</p><p>B) vermindert die Leistungsfähigkeit des Piloten deutlich</p><p>C) vermindert die Leistungsfähigkeit des Piloten deutlich und kann dazu führen, dass der Druckausgleich im Mittelohr stark erschwert wird</p><p>D) kann eine Bewusstlosigkeit beim Fliegen verursachen</p></div>;C
<div><h1>123) Ab welcher Höhe muss ein Pilot damit rechnen, dass der verminderte Sauerstoffpartialdruck der Luft körperliche Auswirkungen hat ?</h1><p>A) Ab ca. 3500 Meter MSL</p><p>B) Ab ca. 2000 Meter MSL</p><p>C) Ab ca. 4500 Meter MSL</p><p>D) Ab ca. 5000 Meter MSL</p></div>;A
<div><h1>124) Was können die Folgen verminderten Sauerstoffpartialdruck der Luft in großen Höhen sein?</h1><p>A) Blackout oder Bewusstlosigkeit</p><p>B) Starke Kopfschmerzen und Übelkeit</p><p>C) Atemnot</p><p>D) Trügerisches Wohlbefinden (Euphorie) und eingeschränkte Urteilsfähigkeit</p></div>;D
<div><h1>125) Ein Pilot bemerkt in einer Höhe von 3500 Meter/MSL erste Auswirkungen des Sauerstoffmangels wie eingeschränktes Gesichtsfeld, veränderte Farbenwahrnehmung, Schläfrigkeit. Wie sollte er sich verhalten?</h1><p>A) Mit einer Steilspirale sofort rasch Höhe abbauen</p><p>B) Den thermischen Aufwind verlassen, ggf. mit einer Abstiegshilfe, die den Körper nicht belastet (z.B. Ohrenanlegen) Höhe abbauen</p><p>C) Es sind keine Maßnahmen erforderlich, da sich der Körper rasch an die Höhe gewöhnt und die genannten Symptome sich wieder normalisieren</p><p>D) Der Pilot muss sofort den Rettungsschirm auslösen bevor er das Bewusstsein verliert</p></div>;B
<div><h1>126) Wind hat einen kühlenden Effekt auf die Temperatur (Wind-Chill). Bei einer Fluggeschwindigkeit von 35 km/h mit einer Lufttemperatur von 0°C, entspricht die "gefühlte Temperatur" ca.</h1><p>A) 0°C</p><p>B) -5 °C</p><p>C) -10°C</p><p>D) -15°C</p></div>;D
<div><h1>127) Welche Auswirkungen kann Unterkühlung auf den Piloten haben?</h1><p>A) Erhöhte Aufmerksamkeit und erhöhte Reaktionsfähigkeit</p><p>B) Trügerisches Wohlbefinden</p><p>C) Verlangsamte Motorik und Reaktionsfähigkeit</p><p>D) Erhöhte Risikobereitschaft</p></div>;C
<div><h1>128) Ein Erwachsener hat bei sportlicher Betätigung einen täglichen Flüssigkeitsbedarf von ca. 4 Liter. Welche körperlichen Auswirkungen können auftreten, wenn der Sportler nicht genügend trinkt?</h1><p>A) Durst</p><p>B) Nervöse Erregungszustände</p><p>C) Konzentrations- und Koordinationsstörungen, Kreislaufbeschwerden</p><p>D) Keines der genannten Symptome</p></div>;C
<div><h1>129) Die europaweite Notrufnummer ist</h1><p>A) 110</p><p>B) 19222</p><p>C) von Land zu Land unterschiedlich</p><p>D) 112</p></div>;D
<div><h1>130) Als Ersthelfer bei einem verunfallten Piloten müssen zunächst folgende Feststellungen getroffen werden:</h1><p>A) 1. Was ist passiert? 2. Wer war schuld? 3. Zahlt die Versicherung?</p><p>B) 1. Was ist passiert? 2. Wer kann Hilfe leisten? 3. Unfallstelle abgesichert?</p><p>C) 1. Ist der Pilot ansprechbar? 2. Atmung o.k.? 3. Puls o.k.? 4. Gibt es Blutungen die zu stillen sind ?</p><p>D) 1. Gibt es Blutungen die zu stillen sind? 2. Sind Verbände anzulegen? 3. Atmung o.k.?</p></div>;C
<div><h1>131) Wann besteht der Verdacht auf Verletzungen der Wirbelsäule?</h1><p>A) Wenn der verunfallte Pilot über Schmerzen im Rücken klagt oder seine Beine nicht mehr spürt</p><p>B) Wenn der verunfallte Pilot Über Schmerzen in den Beinen klagt</p><p>C) Wenn der verunfallte Pilot auf dem Rücken liegend angetroffen wird</p><p>D) Immer, wenn der verunfallte Pilot bewusstlos ist</p></div>;A
<div><h1>132) Ansprechbare Verunfallte, bei denen Verdacht auf Verletzung der Wirbelsäule besteht, sollten</h1><p>A) mit den Beinen hoch gelagert werden</p><p>B) sitzend gelagert werden</p><p>C) sich nicht bewegen, sich nicht aufsetzen und keine Gehversuche unternehmen</p><p>D) aufgerichtet werden um festzustellen, ob sie noch gehen können</p></div>;C
<div><h1>133) Der Ersthelfer stellt fest, dass der Verunglückte bewusstlos ist und keine offenen Verletzungen hat. Was ist zu tun?</h1><p>A) Verletzten aus der Bewusstlosigkeit holen (kaltes Wasser ins Gesicht, leichte "Ohrfeigen")</p><p>B) Verletzten auf dem Rücken lagern, die Beine dabei erhöht legen</p><p>C) Verletzten sitzend lagern</p><p>D) Verletzten in stabile Seitenlage bringen, Puls und Atmung ständig kontrollieren</p></div>;D
<div><h1>134) Unter welcher Telefonnummer ist der Rettungsdienst in Österreich und Deutschland ständig erreichbar?</h1><p>A) Österreich 140, Bayern 19222</p><p>B) Europaweit 112</p><p>C) Österreich und Bayern 19222</p><p>D) Österreich und Bayern 140</p></div>;B
<div><h1>135) Um eine Hubschrauberbergung vorzubereiten,</h1><p>A) muss der Flugbetrieb in der weiteren Umgebung der Unfallstelle eingestellt werden</p><p>B) muss die Unfallstelle und deren Umgebung von Gleitschirmen und losen Gegenständen geräumt werden</p><p>C) muss der Gleitschirm und ggf. der offene Rettungsschirm des Verletzten vom Gurtzeug getrennt und in größerer Entfernung gesichert abgelegt werden</p><p>D) Alle sind richtig</p></div>;D
<div><h1>137) Verhaltensregeln: Ist eine Landung in einem Gewässer nicht zu verhindern, gelten für den Piloten folgende Verhaltensregeln</h1><p>A) Sofort den Rettungsschirm auslösen, damit dieser nach der Wasserung zusätzlich Auftrieb gibt</p><p>B) Alle Gurtzeug-Verschlüsse lösen, Bremsgriffe loslassen, ca. 5 Meter über dem Wasserspiegel aus dem Gurtzeug springen und vom Gerät wegschwimmen</p><p>C) Gurtzeug-Verschlüsse erst nach der Wasserung lösen und vom Gerät wegschwimmen</p><p>D) Gurtzeug-Verschlüsse vor der Landung öffnen, bei Wasserberührung aus dem Gurtzeug rutschen und vom Gleitschirm wegschwimmen</p></div>;D
<div><h1>138) Ein Pilot muss bei einer Außenlandung aus der Luft ein geeignetes Landefeld in einem Tal auswählen. Es herrscht ein Talwind von ca. 25 km/h. Welche Anforderungen an den Landeplatz sind am wichtigsten?</h1><p>A) Das Gelände leeseitig des Landeplatzes muss möglichst frei von Hindernissen wie Bäumen, Gebäuden, Geländeerhebungen sein</p><p>B) Das Gelände luvseitig des Landeplatzes muss möglichst frei von Hindernissen wie Bäumen, Gebäuden, Geländeerhebungen sein</p><p>C) Der Landeplatz sollte durch umgebende Bäume, Gebäude etc. möglichst gut vom Talwind abgeschirmt sein</p><p>D) Der Landeplatz muss eine vollständige Landevolte erlauben</p></div>;B
<div><h1>139) Eine Notlandung ist unumgänglich. Der Pilot hat die Auswahl zwischen mehreren Landestellen. Welches ist die am wenigsten gefährliche?</h1><p>A) Kleiner See</p><p>B) Kleine Waldlichtung</p><p>C) Felsdurchsetzter Steilhang</p><p>D) Dichter Nadelwald</p></div>;D
<div><h1>140) Abbildung 20: Die Abbildung zeigt zum Rückwärts-Aufziehen überkreuzte Tragegurte. In welche Richtung muss sich der Pilot nach dem Aufziehen der Kappe ausdrehen?</h1><p>A) Er kann sich wahlweise nach links oder rechts ausdrehen</p><p>B) Das Ausdrehen erfolgt stets in die Richtung, in welcher der oben liegende Tragegurt am Gurtzeug befestigt ist. Hier nach rechts</p><p>C) Das Ausdrehen erfolgt stets in die Richtung, in welcher der unten liegende Tragegurt am Gurtzeug befestigt ist. Hier nach links</p><p>D) Der Pilot entscheidet nach dem Aufziehen der Kappe, welche Ausdrehrichtung für ihn günstiger ist</p></div>;B
<div><h1>141) Rückwärts-Aufziehen der Kappe mit der Standard-Technik. In der Grundhaltung</h1><p>A) werden alle A-Gurte und eine Steuerschlaufe in eine Hand genommen, in der freien Hand befindet sich die zweite Steuerschlaufe mit der das Hochsteigen der Kappe kontrolliert wird</p><p>B) hält jede Hand die A-Gurte einer Seite, sowie jeweils eine Steuerschlaufe, mit denen das Hochsteigen der Kappe kontrolliert wird</p><p>C) werden alle A-Gurte in eine Hand genommen, mit der freien Hand werden die hinteren Tragegurte gehalten, mit denen das Hochsteigen der Kappe kontrolliert wird</p><p>D) werden die äußeren A-Gurte (die zum Ohrenanlegen) und eine Steuerschlaufe in eine Hand genommen, in der freien Hand befindet sich die zweite Steuerschlaufe mit der das Hochsteigen der Kappe kontrolliert wird</p></div>;A
<div><h1>142) Abbildung 38: Die Abbildung zeigt einen Landeanflug mit Linkslandevolte. Die durchgehende Linie stellt den normalen Anflug dar, die gestrichelten Linien jeweils eine den Umständen angepasste Abwandlung des Landeanfluges. Der mit A dargestellte Landeanflug</h1><p>A) ist nicht erlaubt</p><p>B) ist zu wählen, wenn der Pilot im Übergang vom Gegenanflug in den Queranflug bemerkt, dass er zu niedrig fliegt</p><p>C) ist zu wählen, wenn der Pilot im Übergang vom Gegenanflug in den Queranflug bemerkt, dass er zu hoch fliegt</p><p>D) ist bei Starkwind (25 - 30 km/h) zu wählen</p></div>;B
<div><h1>143) Abbildung 38: Die Abbildung zeigt einen Landeanflug mit Linkslandevolte. Die durchgehende Linie stellt den normalen Anflug dar, die gestrichelten Linien jeweils eine den Umständen angepasste Abwandlung des Landeanfluges. Der mit B dargestellte Landeanflug</h1><p>A) ist nicht erlaubt</p><p>B) ist zu wählen, wenn der Pilot im Übergang vom Gegenanflug in den Queranflug bemerkt, dass er zu niedrig fliegt</p><p>C) ist zu wählen, wenn der Pilot im Übergang vom Gegenanflug in den Queranflug bemerkt, dass er zu hoch fliegt</p><p>D) ist bei Starkwind zu wählen</p></div>;C
<div><h1>146) Bereits bei mäßigem Wind von vorne hat das Rückwärtsaufziehen der Kappe Vorteile. Welche?</h1><p>A) Die Kappe kann sehr gründlich kontrolliert werden</p><p>B) Asymmetrisches Hochsteigen der Kappe kann bereits im Ansatz korrigiert werden</p><p>C) Weil die Kontrollphase einfacher ist, ist ein harmonischer Übergang in den Startlauf zu erreichen</p><p>D) Alle Antworten sind richtig</p></div>;D
<div><h1>147) Unmittelbar vor dem Aufziehen schlägt die Eintrittskante des ausgelegten Schirmes durch eine Windstoß um. Helfer legen den Schirm wieder ordentlich aus. Was muss der Pilot anschließend tun?</h1><p>A) Starten</p><p>B) Sich aushängen und einen erneuten, vollständigen Startcheck durchführen</p><p>C) Alles aushängen und einen erneuten vollständigen Vorflugcheck durchführen</p><p>D) Nachfolgende Punkte des Startchecks erneut prüfen: Leinen, Eintrittskante, Wind, Luftraum</p></div>;D
<div><h1>148) Bei einer Starkwindlandung</h1><p>A) darf der Schirm während des Landens und nach dem Aufsetzen nicht durchgebremst werden</p><p>B) muss der Schirm während des Landens stärker als gewohnt angebremst werden</p><p>C) dürfen die Bremsen erst nach dem Aufsetzen ganz heruntergezogen werden</p><p>D) erfolgten Endanflug und Landung mit vollständig gelösten Bremsen</p></div>;A
<div><h1>149) Welche Landetechnik ermöglicht ein weiches Aufsetzen mit geringer Lande- und Sinkgeschwindigkeit ?</h1><p>A) Aus voller Fahrt beide Bremsen kurz vor der Bodenberührung schnell und vollständig nach unten ziehen</p><p>B) Mit Überfahrt (Schirm dazu nach vorne nicken lassen) beide Bremsen kurz vor der Bodenberührung schnell und vollständig nach unten ziehen (Durchbremsen)</p><p>C) Kontinuierliches Durchziehen der Bremsen im letzten Teil des Endanfluges</p><p>D) Anfliegen in der Grundstellung, zügiger Abfangimpuls mit beiden Steuerleinen, bodenparalleles Ausgleiten, entschlossenes Durchbremsen unmittelbar vor dem Aufsetzen</p></div>;D
<div><h1>150) Bei den Richtungsänderungen im Landeanflug</h1><p>A) kurvt der Pilot mit hoher Schräglage und Geschwindigkeit um ein Trudeln zu vermeiden</p><p>B) kurvt der Pilot mit geringer Schräglage um Pendeln und verstärktes Sinken zu vermeiden</p><p>C) sollte stets nur aus Minimalfahrt gekurvt werden</p><p>D) sollte stets nur aus voller Fahrt gekurvt werden</p></div>;B
<div><h1>151) Wann sollte der Pilot die aufrechte und laufbereite Landehaltung einnehmen?</h1><p>A) Beim Verlassen der Position in den Queranflug in 50 Meter Höhe</p><p>B) Zu Beginn des Queranfluges</p><p>C) Spätestens zu Beginn des Endanfluges in ca. 10 Meter Höhe</p><p>D) Unmittelbar vor dem Aufsetzen</p></div>;C
<div><h1>152) Welche Aussagen zum Peilen auf den Landepunkt sind richtig?</h1><p>A) Der Pilot peilt beim gesamten Landeanflug in kurzen Zeitabständen zum Landepunkt</p><p>B) Der Pilot peilt erst im Endanflug in kurzen Zeitabständen zum Landepunkt</p><p>C) Peilen zum Landepunkt ist nur im Gegenanflug sinnvoll</p><p>D) Der Pilot peilt nur in Quer- und Endanflug auf den Landepunkt</p></div>;A
<div><h1>153) Der Landeplatz liegt in einer leichten Geländemulde. Der Pilot muss</h1><p>A) auch bei schwachem Wind mit starken Leeturbulenzen rechnen</p><p>B) auch bei schwachem Wind, wegen des starken Windgradienten, mit einem deutlichen Durchsacken auf den letzten Metern rechnen</p><p>C) mit erhöhtem Sinken rechnen, weil sich in Mulden häufig sog. Kaltluftseen bilden</p><p>D) mit verringertem Sinken rechnen, weil sich in Mulden häufig Warmluft sammelt</p></div>;B
<div><h1>154) Mit einer Geschwindigkeit von 36 km/h und einem Rückenwind von 18 km/h fliegt ein Pilot im Gegenanflug 5 Sekunden über die Queranfluglinie hinaus. Wie weit fliegt er in dieser Zeit, wie lange bräuchte er, um die selbe Strecken mit gleicher Eigengeschwindigkeit zurück zu fliegen und wann steht er am Boden, wenn er bei Beginn des Zurückfliegens noch 15 Meter hoch ist und das Gerät mit 1 m pro Sek. sinkt?</h1><p>A) 75 m - 15 Sek. - an der ursprünglichen Queranfluglinie</p><p>B) 50 m- 10 Sek. - 5 m von der ursprünglichen Queranflüglinie Richtung Landepunkt</p><p>C) 25 m - 5 Sek. - 10 m von der ursprünglichen Queranfluglinie Richtung Landepunkt</p><p>D) 150 m - 30 Sek. - an der ursprünglichen Queranfluglinie</p></div>;A
<div><h1>155) Die Faustformel für das Umrechnen vom km/h in m/s ist:</h1><p>A) km/h : 10</p><p>B) km/h : 60</p><p>C) km/h : 4 + 10%</p><p>D) km/h : 5</p></div>;C
<div><h1>156) Kurz nach dem Eindrehen in den Endanflug zeigt der Windsack am Landeplatz plötzlich leichten Rückenwind. Der Pilot verhält sich richtig wenn er</h1><p>A) eine schnelle 180°-Kurve fliegt um gegen den Wind zu landen</p><p>B) eine schnelle 90°-Kurve fliegt um quer zum Wind zu landen</p><p>C) den Schirm mit maximalem Steuerleinenzug verlangsamt und mit dem Wind landet</p><p>D) die Landerichtung beibehält, besondere Laufbereitschaft herstellt und die Landetechnik mit einem stärkeren Abfangimpuls durchführt</p></div>;D
<div><h1>157) Das Fliegen der Landeeinteilung</h1><p>A) ist in Deutschland und Österreich gesetzlich vorgeschrieben</p><p>B) soll das Verhalten jedes Piloten für andere im Landeanflug befindliche Luftfahrzeugführer kalkulierbar machen</p><p>C) erfolgt, wenn es örtlich nicht anders geregelt ist linksherum</p><p>D) Alle sind richtig</p></div>;D
<div><h1>158) Welche Aussagen zum Fliegen mit Beschleuniger sind richtig?</h1><p>A) Der Anstellwinkel vergrößert sich, die Einklapptendenz steigt</p><p>B) Der Anstellwinkel verkleinert sich, die Einklappgefahr steigt</p><p>C) Der Anstellwinkel verkleinert sich, die Einklappgefahr sinkt</p><p>D) Der Anstellwinkel vergrößert sich, die Einklappgefahr sinkt</p></div>;B
<div><h1>159) Ein Pilot gerät mit seinem Gleitschirm in so starken Talwind, dass er bei Trimmgeschwindigkeit mit ca. 5 km/h rückwärts fliegt. Wie verhält er sich richtig?</h1><p>A) Voll beschleunigt bis unmittelbar vor der Landung fliegen, weil dies die Fluggeschwindigkeit erhöht</p><p>B) Mit angelegten Ohren fliegen bis in ca. 5 Meter Höhe, angelegte Ohren öffnen, dann voll durchbremsen</p><p>C) Nicht oder nur leicht beschleunigen, konzentriert aktiv fliegen, landen ohne Durchzubremsen</p><p>D) Eine 180 ° Grad Drehung machen und mit dem Wind landen</p></div>;C
<div><h1>160) Wie sollte sich ein Pilot bei einer Starkwindlandung verhalten?</h1><p>A) Kurz vor dem Boden um 180 Grad im Gurtzeug verdrehen, nach dem Aufsetzten den Schirm mit kräftigen Zug an den Steuerleinen flugunfähig machen</p><p>B) Unmittelbar nach dem Aufsetzen um 180° Grad zum Schirm drehen und diesen mit kräftigem Zug an den hinteren Tragegurten flugunfähig machen</p><p>C) Unmittelbar nach dem Aufsetzen um 180° Grad zum Schirm drehen und diesen mit kräftigem Zug an den Steuerleinen flugunfähig machen</p><p>D) Unmittelbar nach dem Aufsetzen den Schirm durch kräftigen Zug an beiden A-Gurten flugunfähig machen</p></div>;B
<div><h1>161) Was sollte die erste Reaktion des Piloten sein, wenn der Schirm im beschleunigten Flug seitlich einklappt?</h1><p>A) Gegenbremsen</p><p>B) Bremse auf der eingeklappten Seite betätigen</p><p>C) Gewichtsverlagerung zur eingeklappten Seite</p><p>D) Beschleunigen sofort beenden</p></div>;D
<div><h1>162) Nach der Auslösung des Rettungsgerätes verfängt sich dieses in den Fangleinen des Gleitschirms und öffnet nicht. Was sollte der Pilot tun?</h1><p>A) Den Gleitschirm stallen</p><p>B) Nichts, die Verhängung löst sich immer nach kurzer Zeit selbständig</p><p>C) Den zweiten Rettungsschirm auslösen</p><p>D) Mit kräftigem Zug und Schütteln an der Rettungsgeräte-Verbindungsleine die Verhängung zu lösen versuchen</p></div>;D
<div><h1>163) Nach einer extremen Flugsituation geht der Gleitschirm ohne Zutun des Piloten in einen Spiralsturz mit zunehmender Beschleunigung über. Was sollte der Pilot tun?</h1><p>A) Stabiles Trudeln, Fullstall einleiten</p><p>B) Steilspirale, der Pilot muss auf der Gegenseite anbremsen</p><p>C) Der Pilot muss sofort den Rettungsschirm auslösen</p><p>D) Verhänger, der Pilot muss auf der Gegenseite die Stabiloleinen herunterziehen</p></div>;C
<div><h1>166) Was kann die Sackflugtendenz eines Gleitschirms erhöhen?</h1><p>A) Feuchte oder nasse Kappe</p><p>B) Hohe Luftdichte</p><p>C) Tiefe Temperaturen</p><p>D) Alle sind richtig</p></div>;D
<div><h1>167) Ein über längere Zeit eng verpackter Gleitschirm</h1><p>A) sollte vor dem ersten Start mehrmals aufgezogen werden, damit sich die Falten glätten</p><p>B) sollte vom Fachbetrieb neu gecheckt werden</p><p>C) sollte mehrere Stunden in der Sonne ausgelegt liegen bleiben, damit sich die Falten glätten</p><p>D) hat mit hoher Wahrscheinlichkeit geschrumpfte Leinen. Sie sollte vor dem ersten Flug gereckt werden</p></div>;A
<div><h1>168) Beim Hangsoaring</h1><p>A) werden die Kurven Richtung Hang geflogen</p><p>B) werden die Kurven, abhängig von der Windstärke, Richtung Hang oder vom Hang weg geflogen</p><p>C) wird so nah wie möglich am Hang geflogen um maximales Steigen zu erzielen</p><p>D) werden die Kurven vom Hang weg geflogen</p></div>;D
<div><h1>169) Beim Fliegen in mit Thermik durchmischtem Hangaufwind</h1><p>A) muss eng am Hang gekreist werden</p><p>B) ist der Hangabstand so zu wählen, dass bei einem möglichen Einklapper genügend Höhe für die Korrektur bleibt</p><p>C) muss mit Einklappern nicht gerechnet werden</p><p>D) ist immer mit besonders ausgeprägten Turbulenzen zu rechnen</p></div>;B
<div><h1>170) Beim Hangsoaren</h1><p>A) erfolgt die Kehre stets vom Hang weg und möglichst im besten Steigen</p><p>B) vergewissert sich der Pilot vor der Kehre, dass der Luftraum seitlich und hinter ihm frei ist</p><p>C) lässt sich der Pilot nach der Kehre wieder langsam Richtung Hang driften</p><p>D) Alle sind richtig</p></div>;D
<div><h1>171) Wird bei Soaren die Hanghöhe überhöht</h1><p>A) kann der Pilot nun ins Thermikkreisen übergehen</p><p>B) sollte näher Richtung Hangkante geflogen werden weil hier das beste Steigen zu erwarten ist</p><p>C) muss der Pilot deutlich vor die Hangkante fliegen, weil ihn der zunehmende Gegenwind sonst ins Lee treiben kann</p><p>D) sollte der Pilot deutlich hinter die Hangkante fliegen, weil hier "gute" Leethermik zu erwarten ist</p></div>;C
<div><h1>172) Beim Thermikfliegen und beim Hangsoaren muss der Abstand zu anderen Piloten</h1><p>A) so groß sein, dass auch ein Einklapper oder plötzliches starkes Steigen oder Sinken nicht zu gefährlichen Annäherungen führt</p><p>B) gemäß LuftVO mindestens 50 Meter horizontal und vertikal betragen</p><p>C) ständig mit dem Höhenmesser kontrolliert werden</p><p>D) so gewählt werden, dass diese immer in Rufweite sind</p></div>;A
<div><h1>173) Ein im Thermikzentrum kreisender Pilot hat die Annäherung an die Wolkenbasis unterschätzt. Er bemerkt plötzlich um sich herum die ersten Wolkenschleier. Wie sollte er sich verhalten?</h1><p>A) In die Wolke weiterkreisen. Dort hört das Steigen auf und er kann gefahrlos aus der Wolke herausfliegen</p><p>B) Kreisen beenden, Ohren anlegen, beschleunigen und nächstliegenden Wolkenrand anfliegen</p><p>C) Sofort eine Steilspirale einleiten</p><p>D) Voll beschleunigen und nächstliegenden Wolkenrand anfliegen</p></div>;B
<div><h1>174) Beim Soaren über der Hangkante bemerkt ein Pilot, dass der Wind so stark aufgefrischt hat, dass der voll beschleunigte Schirm rückwärts fliegt. Er sollte</h1><p>A) im Aufwind noch so hoch wie möglich aufsoaren und dann mit dem Wind das Leegebiet überfliegen</p><p>B) sofort die Ohren anlegen weil dies Vorwärts- und Sinkgeschwindigkeit zusätzlich erhöht</p><p>C) sofort eine Steilspirale oder einen B-Stall einleiten</p><p>D) möglichst noch auf der Luvseite den Rettungsschirm auslösen</p></div>;A
<div><h1>175) Wie soll sich ein Pilot nach einer Baumlandung in einer hohen Fichte verhalten?</h1><p>A) Gurtzeug ausziehen und vom Baum klettern</p><p>B) Gurtzeug ausziehen, auf stabilen Ast klettern, ggf. Rettung per Handy verständigen, warten bis diese eintrifft</p><p>C) Sicherung an stabilem Ast (Leinen, mitgeführte Reepschnur) auf sich aufmerksam machen (Rufe, Trillerpfeife, Handy), warten bis Rettung eintrifft</p><p>D) Ruhig hängen bleiben, auf sich aufmerksam machen (Rufe, Trillerpfeife, Handy), warten bis Rettung eintrifft</p></div>;C
<div><h1>176) Abbildung 23: Die Abbildung zeigt einen Landeanflug mit Linksvolte. Wie wird der mit 1 bezeichnete Abschnitt genannt?</h1><p>A) Gegenanflug</p><p>B) Queranflug</p><p>C) Endanflug</p><p>D) Position</p></div>;B
<div><h1>177) Abbildung 23: Die Abbildung zeigt einen Landeanflug mit Linksvolte. Wie wird der mit 2 bezeichnete Abschnitt genannt?</h1><p>A) Gegenanflug</p><p>B) Queranflug</p><p>C) Endanflug</p><p>D) Position</p></div>;C
<div><h1>178) Abbildung 23: Die Abbildung zeigt einen Landeanflug mit Linksvolte. Wie wird der mit 3 bezeichnete Abschnitt genannt?</h1><p>A) Gegenanflug</p><p>B) Queranflug</p><p>C) Endanflug</p><p>D) Position</p></div>;A
<div><h1>179) Abbildung 23: Wo ist die Position beim Landeanflug auf der Abbildung, wenn der Wind um 180 Grad gedreht hat und eine Linkslandevolte geflogen werden muss ?</h1><p>A) P 1</p><p>B) P 2</p><p>C) P 3</p><p>D) beliebig</p></div>;B
<div><h1>180) Informationen über örtliche Schutzgebiete und Geländeregeln,</h1><p>A) sind veröffentlichten Geländeinformationen zu entnehmen bzw. bei Bergbahnen, örtlichen Flugschulen oder Vereinen zu erfragen</p><p>B) sind stets in der ICAO-Karte eingezeichnet</p><p>C) sind zwar einzuholen, ihre Beachtung ist jedoch freiwillig und nicht vorgeschrieben</p><p>D) sind den Luftfahrerhandbüchern zu entnehmen</p></div>;A
<div><h1>181) Vieh und Wild</h1><p>A) bedürfen im Winter, Frühjahr und Frühsommer besonderer Rücksicht</p><p>B) dürfen nicht in geringer Höhe überflogen werden</p><p>C) scheuen Lärm</p><p>D) Alle sind richtig</p></div>;D
<div><h1>182) Im Fluggelände verhält sich er Pilot richtig,</h1><p>A) wenn er keinen unnötigen Lärm erzeugt</p><p>B) wenn er keinen Abfall herumliegen lässt</p><p>C) wenn er dazu beiträgt, dass die Tier- und Pflanzenwelt geschützt und geschont wird</p><p>D) Alle sind richtig</p></div>;D
<div><h1>183) In Flugrichtung befinden sich Gämsen auf einer oberhalb der Waldgrenze liegenden Wiese. Der Pilot verhält sich richtig,</h1><p>A) wenn er den Kurs beibehält, jedoch das Variometer abstellt um Lärm zu vermeiden</p><p>B) wenn er den Kurs ändert und die Wildtiere weiträumig umfliegt</p><p>C) wenn er möglichst hangnah fliegt, um das Wild aus der Nähe beobachten zu können</p><p>D) wenn er durch lautes Rufen das Wild auf sich aufmerksam macht</p></div>;B
<div><h1>184) Reaktionen von Wildtieren auf Gleitschirme in einem Fluggebiet sind abhängig</h1><p>A) von der Regelmäßigkeit des Überfliegens (Gewöhnungseffekt)</p><p>B) von der Geländestruktur (Mulden, Geländeeinschnitte, Gräben)</p><p>C) von der Vegetationsstruktur, da Bäume und Sträucher Deckungsmöglichkeit bieten</p><p>D) Alle sind richtig</p></div>;D
<div><h1>185) Welche Überflughöhen über Wildtiere sollte möglichst nicht unterschritten werden?</h1><p>A) 30 Meter</p><p>B) 50 - 100 Meter</p><p>C) ca. 150 Meter</p><p>D) Die Überflughöhe spielt keine Rolle, da Wildtiere auf Gleitschirme nicht reagieren</p></div>;C
<div><h1>186) Vögel brüten</h1><p>A) nur im Frühjahr</p><p>B) im Frühjahr und Frühsommer</p><p>C) im Spätsommer und Herbst</p><p>D) das ganze Jahr über</p></div>;B
<div><h1>187) Ein Pilot befindet sich unweit einer Felswand. Ein großer Greifvogel taucht plötzlich auf und vollzieht einen "Girlandenflug". Was hat das zu bedeuten und wie verhält sich der Pilot richtig?</h1><p>A) Der Girlandenflug zeigt Revierverhalten des Adlers an, um Eindringlinge in Horstnähe zu vertreiben. Abdrehen und diesen Bereich möglichst schnell verlassen</p><p>B) Der Greifvogel ist beeindruckt und will "spielen". Flugrichtung beibehalten und abwarten was passiert</p><p>C) Das Verhalten des Adlers signalisiert den Horstbereich, stellt jedoch kein Problem für den Vogel dar. Flugrichtung beibehalten.</p><p>D) Der Greifvogel ist auf Beutejagd. Sofort Steilspirale einleiten um dem Vogel nicht zum Opfer zu fallen</p></div>;A
<div><h1>188) Bei einem Flug im Hochsommer mit mehreren hundert Metern Startüberhöhung befindet sich ein Greifvogel im selben Aufwindbereich. Wie verhält sich der Pilot richtig?</h1><p>A) Abspiralen und Höhe vernichten</p><p>B) Normal weiterfliegen und hektische Flugmanöver vermeiden</p><p>C) Durch lautes Rufen den Vogel auf sich aufmerksam machen um ihn zu vertreiben</p><p>D) Gleitschirm mehrmals bewusst einklappen, das laute Rascheln vertreibt den Vogel</p></div>;B
<div><h1>189) Um Störungen von brütenden Greifvögeln (z.B. Steinadler, Wanderfalke) zu vermeiden,</h1><p>A) ist auf Flüge in der Nähe der Horste vor allem im Frühjahr zu verzichten</p><p>B) sind weiße Gleitschirme gegenüber bunten Fluggeräten zu bevorzugen</p><p>C) kann man mit lautem Zurufen in Horstnähe auf sich aufmerksam machen, um den Überraschungsmoment für die Vögel auszuschließen</p><p>D) Alle sind richtig</p></div>;A
<div><h1>190) Störungen von Wildtieren im Winter</h1><p>A) sind unkritisch, da auch in dieser Jahreszeit genügend Nahrungsangebot vorhanden ist</p><p>B) sind zu vermeiden, weil mögliche Fluchten im Schnee besonders Energie zehrend sind</p><p>C) sind unkritisch, weil die meisten Tiere Winterruhe halten.</p><p>D) sind nur bei Frostwetter kritisch</p></div>;B
<div><h1>191) Wenn der Gleitschirm beim Fliegen von Kreisen zu schnell und zu steil in Kurvenrichtung dreht, wird als erste Pilotenreaktion</h1><p>A) die kurveninnere Steuerleine ganz gelöst</p><p>B) der Rettungsschirm ausgelöst</p><p>C) der Beschleuniger durchgetreten</p><p>D) die kurvenäußere Steuerleine stärker gezogen</p></div>;D
<div><h1>192) In kräftiger Thermik können Steigwerte über 5 m/s und Höhenunterschiede bis über 1000 Meter erreicht werden. Dies kann zu schnellen Änderungen des Luftdruckes führen.</h1><p>A) Solche Druckänderungen sind gefährlich, da sie zur so genannten Taucherkrankheit führen können</p><p>B) Das hat keine körperlichen Auswirkungen. Ich merke ja beim Aufzugfahren auch nichts</p><p>C) Es muss ein Druckausgleich zum Mittelohr stattfinden können. Dies kann bei einer Erkältung zu starken Schmerzen und Schwindel führen</p><p>D) Die Druckänderung kann den Rückenprotektor zusammendrücken</p></div>;C
<div><h1>193) Bei einer Steilspirale</h1><p>A) helfen Medikamente gegen Reisekrankheit am besten gegen Übelkeit und haben keine Nebenwirkungen</p><p>B) nimmt die G-Belastung kaum zu</p><p>C) kommt es nie zu Orientierungsverlusten</p><p>D) gibt es individuell sehr unterschiedliche Belastbarkeiten. Jeder Pilot sollte sich an diese Manöver nur sehr langsam herantasten, am besten unter fachkundiger Anleitung</p></div>;D
<div><h1>195) Am Vortag war eine Fliegerparty. Du hast nur 5 Flaschen Bier getrunken und bist um 3:00 Uhr morgens ins Bett gegangen. Heute möchtest Du bei bestem Wetter zum Fliegen gehen.</h1><p>A) Ich habe zum Start um 11:00 Uhr keinen Alkohol mehr im Blut</p><p>B) Meine Wahrnehmung, die Reaktionsgeschwindigkeit und das Gesichtsfeld sind durch den Restalkohol nicht eingeschränkt, einem Start steht nichts im Weg</p><p>C) Es gibt im Gegensatz zum Autofahren keinen Alkoholgrenzwert und keinen Pilotenscheinentzug</p><p>D) Der Restalkohol beeinträchtigt mich so stark, dass ich auf einen Flug verzichte</p></div>;D
<div><h1>196) Am Vortag war eine Fliegerparty. Du hast nur 3 Stunden geschlafen. Heute möchtest Du bei bestem Wetter zum Fliegen gehen.</h1><p>A) Das ist kein Problem! Ich bin wenig Schlaf schon gewöhnt</p><p>B) Ich trinke im Bergrestaurant 3 Tassen Kaffee und bin dann fit für einen großen Streckenflug</p><p>C) Übermüdung führt zu Konzentrationsschwäche und verminderter Leistungsfähigkeit. Ich bleibe heute am Boden</p><p>D) Ich nehme noch eine Energiepille von der Party. Damit bin ich der Überflieger</p></div>;C
<div><h1>197) Sehr locker eingestellte Beingurte können dazu führen, dass der Pilot nicht auf die Sitzfläche kommt sondern in den Beingurten hängt.</h1><p>A) Dies kann das Steuerverhalten des Schirmes beeinträchtigen</p><p>B) Es kann zu Schmerzen in der Leistengegend führen</p><p>C) Bereits nach kurzer Zeit kann es durch Versacken des Blutes zu einem Hängetrauma mit nachfolgender Bewusstlosigkeit führen</p><p>D) Alle Antworten sind richtig</p></div>;D
<div><h1>198) Extremsituationen in Bodennähe sind die häufigste Ursache für schwere Unfälle. Bei einer massiven Kappenstörung (großflächiger Einklapper mit anhaltender Drehung, Verhänger, Stall, Trudeln) in Höhen unter 100 m GND hat der Pilot die besten Überlebenschancen, wenn er</h1><p>A) einen Fullstall erfliegt, weil damit alle Extremflugsituationen beendet werden können</p><p>B) durch aktives, nötigenfalls wiederholtes Eingreifen, den Extremflugzustand beendet</p><p>C) unverzüglich den Rettungsschirm auslöst</p><p>D) alle Muskeln anspannt, eine gekrümmte Haltung einnimmt und so den Aufprall abwartet</p></div>;C
<div><h1>199) Bei der Landung an einem modernen, vom Gewichtsbereich richtig dimensionierten Rettungsgerät kann der Pilot damit rechnen</h1><p>A) zu überleben, schwere Verletzungen sind aber die Regel</p><p>B) eine Überlebenschance von etwa 50 % zu haben</p><p>C) sich ein oder beide Beine zu brechen</p><p>D) unverletzt zu bleiben</p></div>;D
<div><h1>200) Nach einer unverletzt überstandenen Not- oder Rettungsgerätelandung</h1><p>A) sollte der Pilot längere Zeit ruhig liegen bleiben um den Schreck zu überwinden und sich zu beruhigen</p><p>B) sollte der Pilot möglichen Beobachtern durch Aktivität (z.B. Zusammenpacken der Ausrüstung) seine Unverletztheit signalisieren</p><p>C) sollte der Pilot, wenn möglich, Bergrettung bzw. Polizei verständigen um einen unnötigen Rettungseinsatz zu verhindern (Handy)</p><p>D) sollte der Pilot möglichen Beobachtern durch Aktivität (z.B. Zusammenpacken der Ausrüstung) seine Unverletztheit signalisieren und, wenn möglich, Bergrettung bzw. Polizei verständigen, um einen unnötigen Rettungseinsatz zu verhindern (Handy)</p></div>;D
<div><h1>201) Das "alpine Notsignal" signalisiert im Gebirge unmittelbaren Bedarf an Hilfe. Es besteht aus</h1><p>A) 6 optischen oder akustischen Zeichen in der Minute in gleichmäßigem Abstand und einer Minute Pause</p><p>B) 3 optischen oder akustischen Zeichen in der Minute in gleichmäßigem Abstand und 30 Sekunden Pause</p><p>C) lautem Jodeln von 3 Minuten Dauer und einer Minute Pause</p><p>D) ununterbrochenem Hilferufen</p></div>;A
<div><h1>202) Beim Aufziehen in einem steilen Startgelände gilt für die Aufziehtechnik:</h1><p>A) geringer Aufziehimpuls in der Zugphase, Hände frühzeitig von den A-Gurten lösen in der Aufstellphase, frühes Anbremsen in der Stabilisierungsphase</p><p>B) starker Aufziehimpuls in der Zugphase, A-Gurte aktiv hochführen in der Aufstellphase, spätes aber starkes Anbremsen in der Stabilisierungsphase</p><p>C) es muss auf eine besonders hohe Laufgeschwindigkeit geachtet werden</p><p>D) es ist wichtig, den Schirm möglichst schnell aufzuziehen, deshalb muss das Aufziehen mit großer Energie erfolgen</p></div>;A
<div><h1>203) Beim Aufziehen gelten folgende Grundsätze für die Lauftechnik:</h1><p>A) Zugphase mit wenigen kräftigen Gehschritten, Aufstellphase mit Tempo-Verlangsamung (auf die Kappe warten), in der Stabilisierungsphase wieder leichte Tempo-Erhöhung (mit dem Schirm mitgehen)</p><p>B) Zugphase mit vielen, schnellen Laufschritten, Aufstellphase mit Tempo-Erhöhung (die Kappe dynamisch hochbringen), in der Stabilisierungsphase wieder Tempo-Reduzierung und volles Anbremsen</p><p>C) So schnell wie möglich, damit man rasch in der Luft ist</p><p>D) Zugphase mit wenigen kräftigen Gehschritten, Aufstellphase mit Tempo-Erhöhung (die Kappe beim Steigen unterstützen), in der Stabilisierungsphase wieder leichte Tempo-Reduzierung (um die Kappe gut kontrollieren zu können)</p></div>;A
<div><h1>204) Der Partnercheck</h1><p>A) ersetzt den eigenen Startcheck</p><p>B) ist nur bei Ehe- bzw. Lebenspartnern vorgeschrieben</p><p>C) macht nur bei Schulungsflügen Sinn</p><p>D) ist die optische Kontrolle durch einen anderen Piloten, ob Gurtschließen, Tragegurte, Steuerleinen, Beschleuniger vor dem Start korrekt eingehängt/verschlossen sind</p></div>;D
<div><h1>205) Faustregel zur Einstellung der Brustgurt-Weite:</h1><p>A) Abstand der Aufhängekarabiner ca. eine Armlänge (Fingerspitzen bis Schulter)</p><p>B) Abstand der Aufhängekarabiner ca. eine Unterarmlänge (Fingerspitzen bis Ellenbogen)</p><p>C) Abstand der Aufhängekarabiner ca. Fingerspitzen bis Mitte des Unterarms</p><p>D) Abstand der Aufhängekarabiner ca. eine Oberarmlänge (Ellenbogen bis Schulter)</p></div>;B
<div><h1>206) Abbildung 35: Die auf der Abbildung gezeigte Haltung des Steuergriffes</h1><p>A) ist empfehlenswert, weil sie einen direkten Kontakt zur Steuerleine ermöglicht und präzises Steuern im Zugbereich erlaubt</p><p>B) ist nicht empfehlenswert, weil der Steuerweg zu stark verkürzt wird</p><p>C) ist nicht empfehlenswert, weil in Notsituationen der Steuergriff nicht sofort losgelassen werden kann</p><p>D) sollte nur beim Thermikfliegen gewählt werden</p></div>;A
<div><h1>207) Abbildung 36: Die auf der Abbildung gezeigte Haltung des Steuergriffes</h1><p>A) sollte dann gewählt werden, wenn Manöver mit erhöhtem Anstellwinkel geflogen werden, wie Ohrenanlegen, B-Stall</p><p>B) ist empfehlenswert, weil sie einen direkten Kontakt zur Steuerleine ermöglicht und präzises Steuern im Zugbereich erlaubt</p><p>C) ist nicht empfehlenswert, weil der Steuerweg zu stark verkürzt wird</p><p>D) sollte nur beim Thermikfliegen gewählt werden</p></div>;A
<div><h1>208) Was ist richtig?</h1><p>A) Aufziehphase - Stabilisierungsphase - Kontrollphase - Entscheidung für Start oder Abbruch</p><p>B) Aufziehphase - Stabilisierungsphase - Kontrollphase - Beschleunigungsphase</p><p>C) Aufziehphase - Stabilisierungsphase - Kontrollphase - Startabbruch</p><p>D) Aufziehphase - Stabilisierungsphase - Kontrollphase - Start</p></div>;A
<div><h1>209) Die Grundstellung der Steuerleinen im Flug ist</h1><p>A) zwischen den Geschwindigkeiten des besten Gleitens und des geringsten Sinkens, leicht angebremst</p><p>B) ganz gelöst, bei der Geschwindigkeit des besten Gleitens</p><p>C) unterhalb der Geschwindigkeiten des geringsten Sinkens, ca. 50% Bremse</p><p>D) nicht vorgegeben und variiert von Schirm zu Schirm</p></div>;A
<div><h1>210) Die grundlegende Kurven-Steuertechnik beim Gleitschirmfliegen</h1><p>A) Grundstellung - Blick in Kurvenrichtung - Gewichtsverlagerung zur Kurvenseite - Nachlassen der Außenbremse - Betätigen der Innenbremse</p><p>B) Grundstellung - Gewichtsverlagerung zur Kurvenseite - Nachlassen der Außenbremse - Betätigen der Innenbremse</p><p>C) Grundstellung - Blick in Kurvenrichtung - Gewichtsverlagerung zur Kurvenseite - Betätigen der Innenbremse - Nachlassen der Außenbremse</p><p>D) Grundstellung - Blick in Kurvenrichtung - Gewichtsverlagerung gegen die Kurvenseite - Nachlassen der Außenbremse - Betätigen der Innenbremse</p></div>;A
<div><h1>211) Du hast eine kritische Unfallsituation mit Glück heil überstanden und konntest unverletzt landen. Was solltest Du als Konsequenz tun?</h1><p>A) In der nächsten Kirche eine Dankes-Kerze spenden</p><p>B) Den Ablauf, der zu der kritischen Situation geführt hat, auf eigene Fehler analysieren, ggf. mit einem erfahrenen Piloten oder Fluglehrer, um diese bei künftigen Flügen zu vermeiden</p><p>C) Die Lizenz abgeben</p><p>D) Dem Partner/Partnerin nichts davon erzählen</p></div>;B
<div><h1>212) Du kommst zum Startplatz. Bevor Du mit Deinen Startvorbereitungen beginnst, solltest Du</h1><p>A) eine Zigarette rauchen, das beruhigt</p><p>B) Dich in Ruhe hinsetzen, Wind, Wetter, Startbedingungen und die Piloten in der Luft beobachten und für Dich selbst analysieren, ob die Flugbedingungen ohne jeden Zweifel geeignet sind und mit dem persönlichen Können beherrscht werden</p><p>C) Mit den anwesenden Fliegerkollegen einen regen Austausch beginnen, es gibt ja immer so viel zu erzählen, z.B. von der letzten Clubmeisterschaft, von den neuesten Schirme, etc.</p><p>D) Dir auf jeden Fall einen freien Platz auf dem Startplatz sichern und schon mal Deinen Schirm auslegen</p></div>;B
<div><h1>213) Du bist mit einer Gruppe anderer Piloten beim Gleitschirmfliegen. Was sollte Dir hinsichtlich Gruppenentscheidungen, z.B. ob die Flugbedingungen geeignet sind, immer bewusst sein?</h1><p>A) Gruppendruck verleitet manchmal dazu, dass gegen eigene Sicherheitsbedenken gestartet wird, weil sich der Einzelne nicht traut, diese Bedenken zu äußern, um nicht als Weichei dazustehen</p><p>B) Gruppendruck ist grundsätzlich positiv zu bewerten, weil die meisten Piloten zu ängstlich sind und sich deshalb oft gegen einen Start entscheiden, auch wenn es eigentlich gut gehen würde</p><p>C) Die Gruppenentscheidung sollte für alle bindend sein</p><p>D) Gruppenentscheidungen sind luftrechtlich nicht erlaubt!</p></div>;A
<div><h1>214) Wann ist die Gefahr am größten riskant zu fliegen und sich selbst zu überschätzen?</h1><p>A) Wenn man von anderen beobachtet wird und bewundert werden will</p><p>B) Wenn man ein ruhiger, risikobewusster und selbstsicherer Pilot geworden ist</p><p>C) Wenn man alleine in der Luft ist und niemand zusieht</p><p>D) Alle sind richtig</p></div>;A
<div><h1>215) Abbildung 37: Die Abbildung zeigt</h1><p>A) einen B-Leinen-Stall</p><p>B) einen stabilen Frontklapper</p><p>C) einen Fullstall</p><p>D) einen Gleitschirm im Dauersackflug</p></div>;B
<div><h1>216) Wenn der Gleitschirm so stark angebremst wurde, dass die Strömung beidseitig abgerissen ist und der Pilot spürt, dass die Kappe nach hinten wegkippt, muss er</h1><p>A) beide Bremsen unten halten, bis der Pilot unter die Kappe gependelt ist</p><p>B) beide Bremsen sofort und zügig lösen, damit die Kappe wieder nach vorne nicken kann</p><p>C) sofort das Rettungsgerät auslösen</p><p>D) eine Bremse sofort und zügig lösen, damit der Schirm wieder einseitig anfahren kann</p></div>;A
<div><h1>217) Im Flug bemerkt der Pilot aus größerer Höhe, dass im Tal immer heftigere Windböen eines Kaltlufteinbruchs (Nordföhn) durchzugehen beginnen. Mit was muss er rechnen und was sollte er tun?</h1><p>A) Er muss mit extremen Turbulenzen beim Landen im Tal rechnen und damit, dass in Kürze die abgespaltene, aufsteigende Warmluft großflächig starkes Steigen verursacht. Er sollte nicht ins Tal fliegen sondern schnellstmöglich am Hang notlanden</p><p>B) Er muss damit rechnen, dass kurzzeitig durch die Böen extreme Turbulenzen verursacht werden. Anschließend wird der Wind abflauen. Deshalb mit geringstem Sinken weiterfliegen und den Böendurchgang abwarten</p><p>C) Er muss damit rechnen, dass in Kürze die abgespaltene, aufsteigende Warmluft großflächig starkes Steigen verursacht. In diesem Aufwind sollte der Pilot so hoch wie möglich aufdrehen und leeseitig flüchten</p><p>D) Er muss mit extremen Turbulenzen beim Landen im Tal rechnen und sollte deshalb sofort den Rettungsschirm auslösen</p></div>;A
<div><h1>218) Abbildung 39: Die Abbildung zeigt</h1><p>A) eine normale Landeeinteilung</p><p>B) eine Landeeinteilung für eine Außenlandung</p><p>C) eine Landeeinteilung für Windstille</p><p>D) eine Landeeinteilung für Starkwind ab ca. 20-25 km/h</p></div>;D
<div><h1>219) Abbildung 39: Die Abbildung zeigt eine Starkwind-Landeeinteilung. Welcher Grundsatz gilt für Richtungsänderungen während der Landeeinteilung?</h1><p>A) Die Eintrittskante muss immer genau gegen den Wind zeigen</p><p>B) Die Eintrittskante nie mehr als 30° aus dem Wind drehen</p><p>C) Bezüglich Richtungsänderungen gibt es keinen Unterschied zu einer normalen Landeeinteilung</p><p>D) Durch den starken Wind reagiert der Schirm träger auf Richtungsänderungen, deshalb müssen diese mit beherztem Steuerleineneinsatz ausgeführt werden</p></div>;B
<div><h1>220) Ein idealer Gleitschirm-Startplatz</h1><p>A) ist weiträumig hindernisfrei, hat einen Aufziehbereich mit geringem Gefälle bis ca. 10 Grad und einen homogenen Übergang in ein Gefälle bis ca. 25 Grad</p><p>B) ist weiträumig hindernisfrei und gleichmäßig steil, ideal sind ca. 30 Grad</p><p>C) ist weiträumig hindernisfrei und gleichmäßig flach, unter ca. 10 Grad</p><p>D) ist weiträumig hindernisfrei und bietet eine markante Geländekante zum Abspringen</p></div>;A
<div><h1>221) Abbildung 40: Das Flugmanöver auf der Abbildung</h1><p>A) ist Ohrenanlegen</p><p>B) ist ein seitlicher Einklapper</p><p>C) ist ein seitlicher Frontklapper</p><p>D) ist ein Fullstall</p></div>;A
<div><h1>222) Abbildung 43: Das Flugmanöver auf der Abbildung ist</h1><p>A) Ohrenanlegen</p><p>B) ein B-Leinen-Stall</p><p>C) ein Frontklapper</p><p>D) ein seitlicher Einklapper</p></div>;B
<div><h1>223) Abbildung 47: Das Flugmanöver auf der Abbildung zeigt</h1><p>A) einen stabilen B-Leinen-Stall</p><p>B) einen B-Leinen-Stall, der über die Flügelmitte deformiert,. sofort ausleiten</p><p>C) einen Frontklapper, der über die Flügelmitte deformiert, sofort mit beidseitigem Anbremsen ausleiten</p><p>D) einen gehaltenen Frontklapper, eine beliebte und unproblematische Abstiegshilfe</p></div>;B
<div><h1>224) Abbildung 44: Der Gleitschirm auf der Abbildung</h1><p>A) ist in einem stabilen Sackflug</p><p>B) trudelt</p><p>C) ist so stark angebremst, dass die Strömung beidseitig abreißt</p><p>D) ist leicht angebremst, um die Kappenstabilität zu erhöhen</p></div>;C
<div><h1>225) Abbildung 45: Das Flugmanöver auf der Abbildung ist</h1><p>A) ein Fullstall</p><p>B) Trudeln</p><p>C) Ohrenanlegen</p><p>D) SAT</p></div>;A
<div><h1>226) Abbildung 46: Die Abbildung zeigt eine kritische Gefahrensituation, nämlich</h1><p>A) einen Verhänger</p><p>B) einen Leinenknoten</p><p>C) einen stabilen Frontklapper</p><p>D) einseitiges Ohrenanlegen</p></div>;A
<div><h1>227) In der Position bemerkt der Pilot, dass der Gegenwind auf seiner Flughöhe stark ist, der Windsack am Landeplatz zeigt gleichzeitig nur sehr schwachen Wind. Womit muss der Pilot rechnen und wie sollte er sich verhalten?</h1><p>A) Er muss mit einem stark ausgeprägten Windgradienten rechnen. Um ein Durchsacken zu verhindern, muss der Schirm im Landeanflug stärker angebremst werden</p><p>B) Er muss mit einem stark ausgeprägten Windgradienten rechnen. Beim Durchfliegen reduziert dieser die Strömungsgeschwindigkeit am Gleitschirm, deshalb darf nicht deutlich angebremst geflogen werden</p><p>C) Der Pilot muss mit Einklappern rechnen. Deshalb ist die Kappenstabilität durch stärkeres Anbremsen zu erhöhen</p><p>D) Eine deutliche Abnahme des Windes in Bodennähe ist völlig normal. Der Pilot hat beim Landeanflug mit keinen Besonderheiten zu rechnen.</p></div>;B