<div><h1>1) Wie hoch ist der Luftdruck in Meereshöhe, und wie ändert er sich mit der Höhe?</h1><p>A) Kann in Meereshöhe um über 100 hPa schwanken, halbiert sich alle 3500 m</p><p>B) Immer exakt 1013,25 hPa, halbiert sich alle 5500 m</p><p>C) Durchschnittlich 1013,25 hPa, nimmt mit der Höhe gleichmäßig ab</p><p>D) Durchschnittlich 1013,25 hPa, halbiert sich alle 5500 m</p></div>;D
<div><h1>2) Welche Grobinformationen können aus dem Isobarenverlauf einer Bodenwetterkarte abgeleitet werden?</h1><p>A) Nur die Lage von Hoch- und Tiefdruckgebieten</p><p>B) Windrichtung und -stärke sowie Hoch- oder Tiefdruckeinfluss</p><p>C) Wind- und Temperaturverhältnisse</p><p>D) Der exakte Verlauf der Höhenströmung</p></div>;B
<div><h1>3) Wenn Luft aufsteigt</h1><p>A) gerät sie unter geringeren Druck und kühlt mit 0,65°C/100 m ab</p><p>B) nimmt ihr Volumen wegen der Druckabnahme zu, ihre Temperatur ab und ihre relative Feuchte zu</p><p>C) verringert sich die relative Feuchte wegen der Druckabnahme kontinuierlich</p><p>D) dehnt sie sich aus und erwärmt sich daher um 1 Grad je 100 m</p></div>;B
<div><h1>4) Nach mehreren Schönwettertagen sind am Morgen flockenförmige Schäfchenwolken oder mittelhohe Wolkenbänke mit fingerförmigen Auswüchsen (Ac castellani) zu sehen, die eventuell bald wieder verschwinden. Worauf weist diese Erscheinung hin?</h1><p>A) Auf Labilisierung in der Höhe und damit auf eine stark erhöhte Wahrscheinlichkeit für nachfolgende lokale Überentwicklungen und Gewitter oder Annäherung einer Kaltfront</p><p>B) Auf den Fortbestand des störungsfreien Schönwetters bei gleichzeitiger Verschlechterung der Thermik durch Warmluftzufuhr in der Höhe</p><p>C) Auf die Annäherung einer Warmfront</p><p>D) Mit dieser Erscheinung sind keine eindeutigen Wetterentwicklungen verbunden</p></div>;A
<div><h1>5) Gibt es, abgesehen vom bekannten Südföhn, noch andere Föhnwinde?</h1><p>A) Nur noch den Nordföhn, ebenfalls in den Alpen</p><p>B) Ja, alle trockenen und warmen Strömungen werden als Föhn bezeichnet</p><p>C) Ja, überall dort, wo eine stärkere großräumige Strömung quer auf Berg- oder Hügelketten trifft, sind Föhnerscheinungen möglich</p><p>D) Alle trockenen und warmen Strömungen werden als Föhn bezeichnet und überall dort, wo eine stärkere großräumige Strömung quer auf Berg- oder Hügelketten trifft, sind Föhnerscheinungen möglich</p></div>;C
<div><h1>6) Der Flugwetterbericht spricht von einer kräftigen Föhnströmung. Zusätzlich wird erwähnt, dass auf Grund des Wind- und/oder Temperaturprofils keine Wellenbildung zu erwarten ist. Was bedeutet dieser Hinweis für die Praxis?</h1><p>A) Trotz fehlender Wellenbildung ist bei Föhnlage gefahrloses Fliegen nicht möglich</p><p>B) Anstelle von föhntypischen Linsenwolken ist ein anderes Wolkenbild, evtl. mit zerrissenen Cumuli, zu erwarten</p><p>C) Obwohl hoch reichende Wellen ausbleiben, ist die Strömung sehr turbulent</p><p>D) Alle Antworten sind richtig</p></div>;D
<div><h1>7) Was ist unter dem Einschlafen des Föhns zu verstehen?</h1><p>A) Das zeitliche Ende der Föhnströmung</p><p>B) Das Abschwächen des Föhns mit zunehmendem Abstand vom Auslösehindernis</p><p>C) Ein Abheben der wärmeren und leichteren Föhnströmung durch lokale Kaltluftbildung. Starke Föhnböen können dennoch bis zum Boden durchbrechen</p><p>D) Wegen der fehlenden Einstrahlung verringert sich zum Abend hin der horizontale Druckgradient wodurch der Föhn schwächer wird</p></div>;C
<div><h1>8) Warum können Föhnwolken (Ac lenticularis) trotz sehr hoher Windgeschwindigkeiten für lange Zeiträume an der selben Position verharren?</h1><p>A) Wegen ihrer strömungsgünstigen Form "stehen" sie ruhig im Wind (Föhnfische)</p><p>B) Diese Wolken befinden sich oberhalb der Starkwindschicht in ruhiger Luft</p><p>C) Sie werden durchströmt, bestehen also ständig aus neuen Tröpfchen</p><p>D) Falsch, Wellenwolken wandern immer mit der Strömung ab, aber wegen des geringen Widerstandes viel langsamer als mit der aktuellen Windgeschwindigkeit</p></div>;C
<div><h1>9) Sind bei Föhnlagen auf der Leeseite des Gebirges zwingend Wellenwolken (Ac lenticularis), Rotorwolken und eine Föhnmauer zu sehen?</h1><p>A) Ja, sonst ist es keine Föhnströmung</p><p>B) Ja, lediglich die überschwappende Föhnmauer kann fehlen</p><p>C) Nein, das Wolkenbild weicht mitunter deutlich vom "Lehrbuchföhn" ab, sogar wolkenloser Himmel ist möglich</p><p>D) Wellenwolken sind ein zwingendes Merkmal von Föhn, Rotorwolken und Föhnmauer können hingegen fehlen.</p></div>;C
<div><h1>10) Wo und wann erfolgt der Föhndurchbruch üblicherweise am raschesten?</h1><p>A) Im Bereich von Föhnschneisen (-gassen)</p><p>B) Im Bereich von Beckenlagen</p><p>C) Überall auf der Leeseite und unabhängig von der Schichtung annähernd zur selben Zeit</p><p>D) Am Gebirgsrand der Leeseite und während der Nachtstunden</p></div>;A
<div><h1>11) Hauptgefahren bei Föhn sind</h1><p>A) Extreme Windgeschwindigkeiten</p><p>B) Auch in zunächst windgeschützten Lagen sehr rascher Föhndurchbruch möglich</p><p>C) Heftige Turbulenz, z.T. ortsfest (Föhnrotoren, unmittelbares Lee), z.T. aber auch weit "abschwimmende" Wirbel</p><p>D) Alle sind richtig</p></div>;D
<div><h1>12) Der einzig sicherer Hinweis auf eine Föhnlage ergibt sich aus</h1><p>A) dem Flugwetterbericht mit Föhnprognose (Druckdiagramm) und aktuellen Windmeldungen von Messstationen im Vorhersagebereich</p><p>B) dem für Föhn typischen Wolkenbild</p><p>C) aus den Windverhältnissen am Startplatz</p><p>D) aus den guten Sichtweiten im Fluggebiet</p></div>;A
<div><h1>13) Durch eine ausgeprägte Sperrschicht (Isothermie oder Inversion) wird die Thermik</h1><p>A) rasch gestoppt, weil der Temperaturvorsprung des Aufwindes gegenüber der Umgebungsluft in der Sperrschicht mit jedem Höhenmeter geringer wird</p><p>B) rasch gestoppt, weil der Temperaturvorsprung der Umgebungsluft in der Sperrschicht gegenüber der des Aufwindes mit jedem Höhenmeter geringer wird</p><p>C) verstärkt, weil der Temperaturvorsprung der Umgebungsluft in der Sperrschicht gegenüber der des Aufwindes mit jedem Höhenmeter geringer wird</p><p>D) Verstärkt, weil der Temperaturvorsprung des Aufwindes gegenüber der Umgebungsluft in der Sperrschicht mit jedem Höhenmeter geringer wird</p></div>;A
<div><h1>14) Die markantesten Vorteile von Wolkenthermik gegenüber Blauthermik sind:</h1><p>A) Die Aufwinde unter Wolken sind immer stärker und tragen höher hinauf</p><p>B) Das Wolkenbild liefert Information über Aufwindverteilung, -höhe, -versetzung und -phase</p><p>C) Die Aufwinde sind stärker aber weniger turbulent</p><p>D) Durch Sogwirkung der mächtigen, darüber liegenden Quellwolken kommt es verbreitet zur Aufwindverstärkung</p></div>;B
<div><h1>15) Für den Flugtag wird gute Blauthermik-Entwicklung und Windstille vorhergesagt. Wann sollte ein Gelegenheitspilot fliegen, wenn ein ruhiger Gleitflug angestrebt wird?</h1><p>A) An Thermiktagen überhaupt nicht</p><p>B) Am Morgen, am frühen Vormittag und abhängig vom Fluggelände, eventuell am späteren Nachmittag</p><p>C) Zu jeder beliebigen Zeit, weil die Flugverhältnisse bei Blauthermik ohnehin turbulenzarm bleiben</p><p>D) Zwischen mittlerem Vormittag und mittlerem Nachmittag</p></div>;B
<div><h1>16) Hat Blauthermik auch Vorteile?</h1><p>A) Bessere Steigraten bei geringerer Turbulenz</p><p>B) Es gibt weder Abschattungen durch Cumuluswolken noch Überentwicklungen und auch keine ungewollten Einflüge in Wolken</p><p>C) Einfachere Beurteilung der Aufwindsituation durch das Fehlen von Sicht einschränkenden Cumuluswolken</p><p>D) Die Antworten "Es gibt..." und "Einfachere Beurteilung..." sind richtig</p></div>;B
<div><h1>17) Die Bahn der Luvthermik führt nach Ablösung vom Grat unweigerlich auf die Leeseite des Berges. Welche Voraussetzungen müssen erfüllt sein, dass der Flug über dem Kamm nach hinten verlagert werden darf?</h1><p>A) Bei starkem Steigen darf trotz windversetzter Thermik auf die Leeseite geflogen werden</p><p>B) Es muss ein vertikaler Geländeabstand von mindestens 100 m eingehalten werden, denn der Leebereich befindet sich nur in Bodennähe</p><p>C) Bei Aufwindverlust oder Aufwindende und verstärktem Sinken muss problemlos auf die Luvseite vorgeflogen werden können</p><p>D) Es muss ein besonders klappstabiler Schirm geflogen werden</p></div>;C
<div><h1>18) Welche meteorologische Gründe erfordern den bewussten Abbruch eines Thermikfluges?</h1><p>A) Stetige oder starke, sprunghafte Windzunahme</p><p>B) Entstehung von Überentwicklungen</p><p>C) Heftige Turbulenzen</p><p>D) Alle sind richtig</p></div>;D
<div><h1>19) Thermikfliegen bedeutet zwangsläufig ein bestimmtes Maß an Turbulenz. Welche Aussagen sind richtig?</h1><p>A) Turbulenzen fühlen sich immer schlimmer an als sie in Wirklichkeit sind. Der Pilot sollte sich davon nicht beängstigen lassen, ruhig weiterfliegen und auf seinen Schirm vertrauen</p><p>B) Wenn die Thermik stark turbulent wird, genügt es meistens, den Brustgurt enger zu stellen, dann werden die Turbulenzen wirkungsvoll gedämpft</p><p>C) Es zählt ausschließlich die persönliche Wahrnehmung. Wenn Turbulenzen als beängstigend empfunden werden, ist es Zeit, den Flug abzubrechen, egal, was die Fliegerkollegen sagen</p><p>D) Thermische Turbulenzen können nie so stark sein, dass sie Störungen am Schirm, wie z.B. Einklapper, verursachen können.</p></div>;C
<div><h1>20) Worauf ist beim Anflug eines potentiellen Thermikberges zu achten?</h1><p>A) Auf die durch überregionale oder regionale Luftströmungen verursachte Windsituation am Berg, insbesondere auf Leegebiete</p><p>B) Auf Thermikentstehungs- und Ablösebereiche sowie auf die Landemöglichkeiten im Falle eines "Absaufers"</p><p>C) Auf das Wolkenbild</p><p>D) Alle sind richtig</p></div>;D
<div><h1>21) Die normalen Wetterberichte weisen auf einen störungsfreien Badetag mit hohen Temperaturen hin. Die Temperaturzustandskurve (TEMP) zeigt, dass die extrem trockene Luftmasse bis 2300 m MSL labil geschichtet ist und darüber eine kräftige Inversion liegt. Was ist zu erwarten?</h1><p>A) Beste, problemlose Blauthermik</p><p>B) Nach oben hin zunehmende Thermik, die ab 2300 m wegen der Inversion allmählich wieder schwächer wird</p><p>C) Nach oben hin gleich bleibende Thermikstärke die an der Inversion ein abruptes Ende findet</p><p>D) Nach oben hin zunehmende Aufwinde, im Bereich der Inversionsuntergrenze stark turbulente Verhältnisse</p></div>;D
<div><h1>22) Bei der Landung an thermisch aktiven Tagen sollte gerechnet werden</h1><p>A) Mit abrupten Änderungen der Windstärke</p><p>B) Mit kleinräumig ausgeprägten Abwindbereichen</p><p>C) Mit kleinräumig ausgeprägten Aufwindbereichen</p><p>D) Alle sind richtig</p></div>;D
<div><h1>24) Der Wetterbericht hat beste Thermik mit guten Streckenflugmöglichkeiten vorhergesagt. Lediglich am späteren Nachmittag sind eine Windzunahme und die Entwicklung von vereinzelten Wärmegewittern "nicht auszuschließen". Wer entscheidet, wie lange geflogen werden kann?</h1><p>A) Der Pilot, die Entscheidung ist einfach, da der Übergang zu gefährlichen Bedingungen immer klar zu erkennen ist</p><p>B) Der Startleiter gibt bereits am Vormittag vor, wie lange am Nachmittag geflogen werden darf</p><p>C) Der Pilot, die Abbruchsentscheidung darf, sobald die ungünstige Änderung erkannt wird, nicht mehr hinausgezögert werden</p><p>D) Der Pilot, jedoch ist eine Windzunahme am Nachmittag normal (Talwind) und einzelne Wärmegewitter können problemlos umflogen werden, deshalb besteht keine Gefahr</p></div>;C
<div><h1>25) Womit ist beim Thermikfliegen unter anderem immer zu rechnen?</h1><p>A) Mit schwierigen Startverhältnissen, nicht kontrollierbaren Flugzuständen und einer harten Außenlandung</p><p>B) Mit stärkeren Auf- und Abwinden, mit Turbulenzen und eventuell Störungen am Fluggerät</p><p>C) Mit Gewittern, starker Windzunahme und nicht vorhergesagten Kaltfrontdurchgängen</p><p>D) Dass mit hoher Wahrscheinlichkeit der Rettungsschirm ausgelöst werden muss</p></div>;B
<div><h1>26) Welche Aussagen gelten für Leethermik?</h1><p>A) Ist meist schwächer aber viel weniger turbulent als Luvthermik und für Gleitschirmflieger gut fliegbar</p><p>B) Weil die Thermik im Lee nicht vom Wind gestört wird, ist sie meist stark und gleichmäßig und ermöglicht ein besonders ruhiges Fliegen im Aufwind</p><p>C) Ist meist stärker aber viel turbulenter als Luvthermik und für Gleitschirmflieger wegen der Turbulenzen zu gefährlich</p><p>D) In Leethermik darf wegen der Corioliskraft nur rechtsherum gedreht werden</p></div>;C
<div><h1>27) Wird die Thermik nach oben hin stärker oder eher schwächer, oder bleibt das Steigen konstant?</h1><p>A) Im Normalfall stärker</p><p>B) Abhängig vom TEMP, sind sogar mehrfache Änderungen der Steigrate während des Aufstieges möglich</p><p>C) Üblicherweise bleibt das Steigen im gesamten Konvektionsbereich gleich</p><p>D) Sehr selten auch schwächer</p></div>;B
<div><h1>28) Zwei Piloten kreisen in verschiedenen, ca. 5 km voneinander entfernten Aufwinden. Trotz ähnlichem Flugkönnen sowie vergleichbaren Fluggeräten, -radien und Flächenbelastungen steigt der eine Pilot mit konstanten 2 m/s, der andere aber mit konstanten 4m/s in Richtung Basis.</h1><p>A) Das gleich bleibende Steigen spricht für neutrale bzw. indifferente Schichtung, die Steigwertunterschiede sind meteorologisch aber nicht erklärbar</p><p>B) Der Schnellersteigende fliegt in einem Bereich mit kälterer Umgebungsluft (anderer TEMP)</p><p>C) Der Schnellersteigende fliegt in einem Bereich mit wärmerer Umgebungsluft (anderer TEMP)</p><p>D) Der Schnellersteigende fliegt in einem Aufwind, der bei der Ablösung einen größeren Temperaturvorsprung zur Umgebungsluft hatte</p></div>;D
<div><h1>29) Bei Wind aus 225° mit 20 km/h</h1><p>A) Tritt am SO-Hang ideale Anströmung auf, am NW-Hang bildet sich hingegen ein Lee aus</p><p>B) Kommt der Wind an einem S-Hang schräg von vorne rechts, die nach N ausgerichteten Seite des Berges befindet sich im Lee</p><p>C) Werden ausschließlich W-Hänge günstig angeströmt</p><p>D) Sind nur an nordost-gerichteten Hängen- und Bergflanken Leebedingungen zu erwarten</p></div>;B
<div><h1>30) Gleichmäßiger Wind aus 360° mit 25 km/h. Wo dürfen ideale Hangaufwindbedingungen erwartet werden?</h1><p>A) An einer breiten, mittelsteilen, frei angeströmten Westflanke</p><p>B) Auf der angeströmten, mäßig steil abfallenden Seite eines lang gezogenen Geländerückens mit Ost-West-Ausrichtung</p><p>C) Auf der schmalen Luvseite eines eher kegelförmigen Berges</p><p>D) Am sehr flachen, hindernisfreien Nordhang</p></div>;B
<div><h1>31) Wo wird beim Soaring im dynamischen Aufwindfeld eines breiten, gut angeströmten Hanges die größte Höhe erreicht?</h1><p>A) Direkt über dem Hangscheitel</p><p>B) Etwas hinter dem Hang (abgelöste Strömung)</p><p>C) Deutlich vor dem Hangscheitel</p><p>D) Im Bereich von Hangeinschnitten, weil die Strömung dort am stärksten ist</p></div>;C
<div><h1>32) Welche Bereiche eines Soaringhanges sind speziell bei höheren Windgeschwindigkeiten für Gleitschirmflieger problematisch?</h1><p>A) Die seitlichen Ränder, der Gipfelbereich und Einkerbungen im Hang wegen Zunahme der Horizontalwind- und Abnahme der Aufwindkomponente</p><p>B) Unregelmäßigkeiten im Hangprofil (Knicke, Stufen, Vorgipfel, ..) oder Hindernisse (Bäume, Gebäude, ...), weil sie Turbulenz erzeugen</p><p>C) Ausgedehntere Flachstücke ohne Landemöglichkeit wegen des verschlechterten Aufwind/Gegenwind - Verhältnisses</p><p>D) Alle sind richtig</p></div>;D
<div><h1>33) Wovon hängt der Winkel zwischen Windrichtung und Isobarenrichtung bei stationären Strömungsverhältnissen ab?</h1><p>A) Von der Bodenreibung, über Meer ist die Abweichung deutlich geringer als über Land</p><p>B) Von der Bodenreibung, über Land ist die Abweichung deutlich geringer als über Meer</p><p>C) Die Ein- bzw. Ausströmkomponenten werden nur vom horizontalen Druckunterschied bestimmt</p><p>D) Der Winkelunterschied zwischen tatsächlicher Windrichtung und Richtung der Isobaren hängt nur von Corioliskraft und Druckgradientkraft ab und beträgt in mittleren Breiten 30°</p></div>;A
<div><h1>34) Warum weichen die tatsächlichen Windverhältnisse in einer Gebirgsregion häufig erheblich von den vorhergesagten Bedingungen ab?</h1><p>A) Wegen der blockierenden, kanalisierenden und umlenkenden Wirkung der Berge</p><p>B) Weil viele Bergen untertags auch stark vom Talwind beeinflusst werden</p><p>C) Weil an Bergflanken durch Temperaturunterschiede oft hangparallele Auf- und Abwinde entstehen</p><p>D) Alle sind richtig</p></div>;D
<div><h1>35) Treten Talwindsysteme nur an Tagen mit starker Gebirgsthermik auf?</h1><p>A) Nein, Talwinde sind ausschließlich eine Folge der großräumigen Druckverteilung</p><p>B) Nein, sogar im Winter können sich bei geschlossener Schneedecke im Gebirge starke Talwinde entwickeln</p><p>C) Nein, Talwinde treten immer dann auf, wenn sich die Gebirgsluft durch Einstrahlung insgesamt besser erwärmt als die Luft im Gebirgsvorland</p><p>D) Ja</p></div>;C
<div><h1>36) Wichtige Talwind-Besonderheiten für Flieger sind:</h1><p>A) Diese Winde treten unsystematisch und daher meist überraschend auf. In vielen Tälern kann nicht einmal ihre Richtung vorhergesagt werden</p><p>B) Der Talwind hat stets dieselbe Richtung wie der überregionale Wind, man muss also dessen Windrichtung kennen, um den Talwind einschätzen zu können</p><p>C) Talwinde erzeugen eigene Luv- und Leegebiete, Gebiete, die am Vormittag gut geeignet sind, werden am Nachmittag wegen Starkwind oder Leeturbulenzen eventuell gefährlich, an vielen Prallhängen entstehen nutzbare dynamische Aufwindfelder</p><p>D) Wegen der besseren Erwärmung des Flachlandes ist grundsätzlich damit zu rechnen, dass der Talwind aus dem Gebirge ins Flachland strömt. Mit seiner Unterstützung sind oft weite Flüge aus dem Gebirge ins Flachland möglich</p></div>;C
<div><h1>37) Warum dreht der Wind auf der Nordhalbkugel mit zunehmendem Bodenabstand normalerweise nach rechts?</h1><p>A) Weil das Tief (in Strömungsrichtung gesehen) immer rechts liegt, und die Corioliskraft ebenfalls nach rechts ablenkt</p><p>B) Auf Grund der nachlassenden Bodenreibung nimmt die Geschwindigkeit und damit auch die rechts ablenkende Corioliskraft zu</p><p>C) Normalerweise dreht der Wind mit zunehmendem Bodenabstand nach links</p><p>D) Normalerweise ändert sich die Windrichtung mit der Höhe überhaupt nicht</p></div>;B
<div><h1>38) Welche Aussagen zum Talwind im Gebirge sind richtig ?</h1><p>A) Seine Mächtigkeit kann zwischen 100 und 300 Meter über dem Talboden betragen, wegen der Bodenreibung nimmt der Wind nach unten hin markant ab</p><p>B) Seine Mächtigkeit kann 1000 Meter und höher über den Talgrund reichen, die Windgeschwindigkeit lässt erst in Bodennähe deutlich nach</p><p>C) Mit dem Talwind wird kältere Luft ins Gebirge gesaugt, deshalb beschränkt sich seine Ausdehnung auf den unmittelbar bodennahen Bereich</p><p>D) Der Talwind ist eine vollkommen laminare, turbulenzfreie Strömung</p></div>;B
<div><h1>39) Aus Windmeldungen der Gebirgs-Messstationen und Wolkenversatz geht hervor, dass etwas oberhalb der Berge ein NW-Wind mit ca. 60 km/h weht. Dennoch herrscht am süd-gerichteten Startplatz in 2000 m, ca. 50 m unterhalb des Gipfelkammes guter Aufwind. Wie ist die Situation zu beurteilen?</h1><p>A) Vermutlich ein vom Talwind hervorgerufenes Luv, das Soaring ermöglicht</p><p>B) Wahrscheinlich handelt es sich um den Aufwindteil einer Leewalze oder um starke Leethermik. Ein Start wäre mit hohem Unfallrisiko verbunden</p><p>C) So lange unterhalb des Grates oder direkt vom Hang weg geflogen wird, sind die Bedingungen zwar nicht ideal, aber für gute Piloten durchaus beherrschbar</p><p>D) Mit NW Winden werden oft frische, thermisch sehr aktive Luftmassen herangeschafft. In windgeschützten Leelagen entstehen starke, hoch reichende und für Könner gut nutzbare Aufwinde</p></div>;B
<div><h1>40) In Gebirgstälern strömen des öfteren zwei oder auch drei Lokalwinde aus verschiedenen Richtungen aufeinander zu, sie konvergieren: Was ist zu beachten?</h1><p>A) Oberhalb von bodennahen Konvergenzbereichen sind oft Aufwinde anzutreffen</p><p>B) Besonders in Bodennähe sind die Windverhältnisse unkalkulierbar und für eine Landung ungeeignet</p><p>C) Neben nahezu ortsfesten Konvergenzen gibt es auch wandernde Konvergenzbereiche</p><p>D) Alle sind richtig</p></div>;D
<div><h1>41) Kann aus der Zugrichtung der Cumuluswolken in ca. 2500 m MSL die zu erwartende Windrichtung und Windstärke unterhalb abgeleitet werden?</h1><p>A) Ja, es ist lediglich die Ablenkung des Windes nach recht mit der Höhe durch nachlassende Bodenreibung und zunehmenden Einfluss der Corioliskraft zu berücksichtigen</p><p>B) Im Flachland ist so eine grobe Abschätzung der Windverhältnisse möglich, im Gebirge können unterhalb (durch Talwind, Ablenkungs- und Düseneffekte) völlig andere Verhältnisse hinsichtlich Windrichtung und Windstärke herrschen</p><p>C) Nein, Cumuluswolken ziehen nicht, sie sind ortsfest, weil sie durch eine Thermikquelle gespeist werden, die ja ebenfalls ortsfest ist.</p><p>D) Zumindest die Windstärke kann unterhalb der Wolken nicht höher sein, weil der Wind grundsätzlich mit der Höhe zunimmt</p></div>;B
<div><h1>42) Auf einer Seite des Berges herrscht thermischer Aufwind, auf der anderen Seite schwacher dynamischer Aufwind und die Cumuluswolken 800 Meter höher werden vom überregionalen Wind wieder in eine andere Richtung verlagert.</h1><p>A) Der Start kann bedenkenlos nach der Seite mit dem stärkeren Aufwind erfolgen</p><p>B) In Kammnähe ist wegen der Durchmischung von Thermik und Hangaufwind aus unterschiedlichen Richtungen vermehrt Turbulenzbildung zu erwarten, ein Start im Kammbereich ist daher kritisch</p><p>C) Derart starke Schwankungen der Windrichtung auf so engem Raum sind unmöglich!</p><p>D) Der Start kann bedenkenlos nach der Seite mit dem schwächeren Aufwind erfolgen</p></div>;B
<div><h1>43) Welchen Wolken kommt wettermäßig "Vorboten-Charakter" zu?</h1><p>A) Sich verdichtenden Cirren als Hinweis auf Warmfrontannäherung aber auch auf die mögliche Ausbildung eines Gewitterambosses</p><p>B) Flockenförmigen Schäfchenwolken (Ac floccus) nach Schönwetter oder mittelhohen Wolkenbänken mit fingerartigen Aufquellungen (Ac castellani) als Hinweis auf eine Labilisierung in der Höhe</p><p>C) Isoliert auftretenden Cirren als Vorboten einer raschen Wetterverschlechterung</p><p>D) Die Antworten "Sich verdichtenden Cirren..." und "Flockenförmigen Schäfchenwolken" sind richtig</p></div>;D
<div><h1>44) Die beiden "klassischen" Regenwolkengattungen und ihre typische Niederschlagsform sind:</h1><p>A) Cumulonimbus mit Nieselniederschlägen und Nimbostratus mit Schauerniederschlägen</p><p>B) Cumulonimbus mit Schauerniederschlägen und Nimbostratus mit Nieselniederschlägen</p><p>C) Altocumulus mit Nieselniederschlägen und Cumulus congestus mit Schauerniederschlägen</p><p>D) Staubewölkung mit Stauniederschlägen und Aufgleitbewölkung mit Nieselniederschlägen</p></div>;B
<div><h1>45) Was ist unter Schauerniederschlägen zu verstehen?</h1><p>A) Lange andauernde, sehr gleichmäßig auftretende Niederschläge von kleinen Tröpfchen (Landregen)</p><p>B) Heftige, lokal und zeitlich begrenzte Starkniederschläge (Wolkenbruch, Platzregen, Hagel)</p><p>C) Lange anhaltender Dauerregen</p><p>D) Die im Nebel auftretende Feuchtigkeit aus kleinsten Tröpfchen</p></div>;B
<div><h1>46) Woran ist die Vereisung von aufgetürmten Quellwolken zu erkennen?</h1><p>A) An Wolkenhauben</p><p>B) Am spürbaren Temperaturabfall, der sich bis zum Erdboden auswirkt</p><p>C) Anstelle der blumenkohlartigen Quellungen bekommt die Wolke im oberen Bereich eine dunkelgraue bis schwarze Färbung</p><p>D) Am sogenannten Amboss, anstelle der blumenkohlartigen Quellungen bekommt die Wolke im oberen Bereich diffuse, faserige oder rauchartige Strukturen</p></div>;D
<div><h1>47) Bei welchen Temperaturen beginnen Haufenwolken üblicherweise zu vereisen?</h1><p>A) Sobald Teile der Wolke die Nullgradgrenze erreichen</p><p>B) Wenn die "Tops" bis in den - 5°C-Bereich vordringen</p><p>C) Wenn die Temperatur im oberen Bereich der Wolke auf -12°C abgenommen hat</p><p>D) Wegen der extrem geringen Zahl von Frierkeimen erst bei -30°C</p></div>;C
<div><h1>48) Das Auftreten von Schäfchenwolken</h1><p>A) Zeigt immer Labilisierung im Vorfeld einer Wetterverschlechterung an</p><p>B) Weist immer auf Wetterbesserung hin</p><p>C) Weist nach Schönwetter auf eine baldige Wetterverschlechterung, nach Schlechtwetter hingegen auf eine Wetterbesserung hin</p><p>D) Steht in keinem Zusammenhang mit einer nachfolgenden Wetteränderung</p></div>;C
<div><h1>49) An welche Folgen ist zu denken, wenn eine Quellwolke im oberen Bereich vereist?</h1><p>A) An die Gefahr einer baldigen Gewittertätigkeit</p><p>B) An das Entstehen von Schauerniederschlägen mit heftigen Abwinden</p><p>C) Deutliche Ausdehnung des Gefahrenbereiches der Wolke durch Kaltluftausflüsse</p><p>D) Alle sind richtig</p></div>;D
<div><h1>50) Nenne die wesentlichsten Gewittergefahren für Flieger.</h1><p>A) Extreme Turbulenz mit unkontrollierbaren Flugzuständen, Sicht und Orientierungsverlust sowie der Gefahr von Blitzeinschlägen</p><p>B) Rasende Höhengewinne mit Folgeproblemen durch rapide Temperatur- , Sauerstoff- und Druckabnahme</p><p>C) Starkniederschläge (Regen, Graupel, Hagel) mit heftigen Abwinden und weiter horizontaler Ausbreitung von starken und böigen Kaltluftmassen</p><p>D) Alle sind richtig</p></div>;D
<div><h1>52) Welche Wettersituationen stellen für alle Piloten eine große Gefahr dar?</h1><p>A) Kaltfrontdurchgänge und Gewitter</p><p>B) Föhn</p><p>C) Leethermik</p><p>D) Alle sind richtig</p></div>;D
<div><h1>53) Welche meteorologischen Rahmenbedingungen können vor allem Anfänger und unerfahrene Gelegenheitspiloten in Gefahr bringen, obwohl sie von routinierten Fliegern gut gemeistert werden ?</h1><p>A) Hochdruckeinfluss mit stabiler Schichtung und schwachem Wind</p><p>B) Hochdruckeinfluss mit schwachem Wind und normaler Thermikentwicklung</p><p>C) Sturm</p><p>D) Sommerliches Wärmegewitter</p></div>;B
<div><h1>54) Nach stundenlangem Warten am Startplatz bricht der dichte Nebel etwas auf und der Landeplatz wird sichtbar.</h1><p>A) Weil sich dieses Nebelfenster eventuell rasch wieder schließt, sollte sofort gestartet werden</p><p>B) Aus Sicherheitsgründen sollte noch drei, zumindest aber zwei Minuten gewartet werden. Ist das Landefeld dann immer noch zu sehen, darf geflogen werden</p><p>C) An Nebeltagen darf nur gestartet werden, wenn sich der Nebel im Flugbereich großflächig und nachhaltig aufgelöst hat</p><p>D) An Nebeltagen sind Flüge unmöglich</p></div>;C
<div><h1>55) Nach einem wolkenlosen Morgen bilden sich im Laufe des Vormittags flache Cumuli mit hoher Basis und nach oben hin gut begrenzten Quellungen. In großer Höhen ziehen langsam einzelne Cirren aus östlicher Richtung heran.</h1><p>A) Typische Hinweise auf die Annäherung einer Kaltfront oder einer Okklusion mit Kaltfront-Charakter</p><p>B) Lässt auf feuchtlabile Schichtung in der Höhe und damit auf hohe Gewitterwahrscheinlichkeit am Nachmittag schließen</p><p>C) Sieht nach Hochdruckeinfluss mit guter Wolkenthermik aus</p><p>D) Eindeutig Rückseitenwetter</p></div>;C
<div><h1>56) Liegen die Isobaren der Bodenwetterkarte weit auseinander</h1><p>A) sind starke Bodenwinde zu erwarten</p><p>B) handelt es sich um eine flache Druckverteilung und im Wetterbericht werden schwache, umlaufende Winde oder sogar Windstille vorhergesagt</p><p>C) herrscht immer Hochdruckeinfluss</p><p>D) herrscht immer Tiefdruckeinfluss</p></div>;B
<div><h1>58) Der Radio- und Fernsehwetterbericht sagt für die Alpennordseite geschlossene Bewölkung mit anhaltenden Niederschlägen, für die Alpensüdseite hingegen sonniges und freundliches Wetter voraus.</h1><p>A) Gute Flugbedingungen auf der Alpensüdseite</p><p>B) Der Alpenhauptkamm wirkt als verlässliche Wetterscheide. Auch der umgekehrte Fall ist oft anzutreffen: Geschlossene Bewölkung im Süden und gute Flugbedingungen im Norden</p><p>C) Nordföhn auf der Alpensüdseite, für Gleitschirmflieger trügerisches Schönwetter mit der Gefahr plötzlicher Kaltlufteinbrüche und hoher Windgeschwindigkeiten</p><p>D) Im Gebirge werden auf wenigen Kilometern Horizontaldistanz oft grundlegend verschiedene Wetterlagen angetroffen</p></div>;C
<div><h1>59) Einen Tag nach seiner korrekten Einstellung auf die Startplatzhöhe von 2000 m zeigt der Höhenmesser 2016 m an. Wie hat sich der Luftdruck verändert?</h1><p>A) Der Luftdruck ist um 2 hPa gestiegen</p><p>B) Der Luftdruck ist leicht gefallen</p><p>C) So starke Änderungen innerhalb eines Tages sind unmöglich, der Höhenmesser ist defekt</p><p>D) Der Luftdruck ist exakt um 1 hPa pro 8 m Höhenzunahme gefallen</p></div>;B
<div><h1>61) Wann sind die Flugwetterbedingungen grundsätzlich besonders kritisch zu beurteilen?</h1><p>A) Bei stabilem Hochdruckeinfluss</p><p>B) Während Änderungslagen, besonders zum Ende von Hochdruckperioden hin</p><p>C) Bei Warmfrontpassagen</p><p>D) Während winterlicher Inversionslagen mit beständigem Nebel in den Niederungen</p></div>;B
<div><h1>62) Der laminare Wind frischt allmählich auf und pendelt sich schließlich bei 28 km/h ein. Was ist bei einem Soaringflug besonders zu berücksichtigen?</h1><p>A) Dass die beim Aufziehen, beim Bodenhandling und nach der Landung am Schirm angreifenden Windkräfte sehr hoch sind und eine saubere Technik verlangen</p><p>B) Dass die Annäherungsgeschwindigkeit während Mitwindflugphasen, z.B. bei einem weit vor dem Hang angesetzten Kreis, groß ist</p><p>C) Dass an den kritischen Strömungseinschnürungen (über dem Grat, in Einkerbungen, am seitlichen Rand) sehr starke Gegenwinde ohne Aufwindkomponente vorherrschen, und dass eventuelle Knicke im Hangprofil starke Turbulenz hervorrufen können</p><p>D) Alle sind richtig</p></div>;D
<div><h1>63) Im Flugwetterbericht heißt es u.a.: "Hochdruckeinfluss bei schwachen südwestlichen Höhenwinden, sehr gute, hoch reichende Wolkenthermik und gute Streckenflugmöglichkeiten. Keine besonderen Gefahren! Vorschau auf morgen: Abnehmender Hochdruckeinfluss bei auflebenden Südwinden"</h1><p>A) Keine besonderen Gefahren,. also ein Traum-Flugtag für Flugschüler, Wenigflieger und Streckencracks bevor am Folgetag der Föhn kommt</p><p>B) Für Thermikeinsteiger eine problemlose Möglichkeit zum entspannten Aufwindfliegen vor Ort</p><p>C) Es ist mit starker Thermik und entsprechenden Turbulenzen zu rechnen. Anfänger und wenig erfahrene Gelegenheitspiloten finden nur am Morgen für kurze Zeit akzeptable Flugbedingungen vor</p><p>D) Wegen des schwachen Höhenwindes ist nicht mit Turbulenzen zu rechnen. Anfänger und wenig erfahrene Gelegenheitspiloten finden ganztags geeignete Flugbedingungen vor</p></div>;C
<div><h1>64) Welche Wetterentwicklung lässt dieser Flugwetterbericht für den Folgetag erwarten? "Hochdruckeinfluss bei schwachen südwestlichen Höhenwinden, sehr gute, hoch reichende Wolkenthermik und gute Streckenflugmöglichkeiten. Keine besonderen Gefahren! Vorschau auf morgen: Abnehmender Hochdruckeinfluss bei auflebenden Südwinden"</h1><p>A) Umstellung auf eine Südföhnlage</p><p>B) Umstellung auf eine Nordföhnlage</p><p>C) Annäherung einer Warmfront</p><p>D) Hereinbrechen einer Kaltfront</p></div>;A
<div><h1>65) Im Flugwetterbericht heißt es u.a.: "Mäßige bis gute Thermikentwicklung in der frischen Kaltluft. Wind im Kammniveau aus Nordwest um 40 km/h Gefahrenhinweise: Kammturbulenzen" Welche Aussagen sind richtig?</h1><p>A) Für Streckenflieger ein guter Tag für weite Zielflüge</p><p>B) Unterhalb des Kammniveaus sind keine besonderen Gefahren für Gleitschirmflieger zu erwarten</p><p>C) Wegen der aus starker Thermik und kräftigem Wind resultierenden Turbulenzen, wird dieser Tag für Gleitschirmflieger ungeeignet sein</p><p>D) Für Streckenflieger ein guter Tag für weite Zielflüge, unterhalb des Kammniveaus sind keine besonderen Gefahren für Gleitschirmflieger zu erwarten</p></div>;C
<div><h1>66) Wie kündigt sich die Annäherung einer Kaltfront an?</h1><p>A) Immer durch das Auftauchen von mächtigen, nebeneinander aufgereihten Cumulonimben am Horizont, die schnell näher kommen</p><p>B) Durch Entstehen von Überentwicklungen oder Ac castellani oder Ac floccus oder Cirrocumulus</p><p>C) Durch verbreitete Aufwinde und Thermikwolken an "unüblichen" Stellen</p><p>D) Überentwicklungen, Ac castellani, Ac floccus, Cirrocumulus oder verbreitete Aufwinde können vorhanden sein, es ist aber möglich, dass die Kaltfront ohne große Vorboten in das Fluggebiet vordringt</p></div>;D
<div><h1>67) Lassen sich alle kritischen Änderungen der meteorologischen Flugbedingungen vor Ort durch aufmerksames Beobachten zuverlässig und rechtzeitig erfassen?</h1><p>A) Ja, ein routinierter Pilot und aufmerksamer Beobachter erkennt das Aufkommen von Gefahren immer rechtzeitig</p><p>B) Nein, deshalb ist es wichtig, den Radio-Wetterbericht morgens zu hören</p><p>C) Nein, manchmal braucht man Glück, um einer völlig unerwarteten Wettergefahr wie plötzlich einbrechender Föhn oder einem sich blitzschnell aufbauenden Gewitter heil zu entkommen</p><p>D) Viele ungünstige Wetteränderungen kündigen sich gut an, aber manche Änderungen erfolgen so atypisch oder so schnell, dass nur Vorinformation durch den aktuellen Flugwetterbericht unliebsame Überraschungen verhindert</p></div>;D
<div><h1>69) Wie kündigt sich normalerweise die Annäherung einer Warmfront für einen Beobachter an?</h1><p>A) Keine typischen Anzeichen bekannt, das Erscheinungsspektrum ist extrem variabel</p><p>B) Durch Aufzug von Cirren in der Höhe, die sich mehr und mehr verdichten und absinkende Wolkenuntergrenzen</p><p>C) Durch das großflächige Auftreten von Schäfchenwolken (Ac floccus) die rasch von sich verdichtenden Schichtwolken abgelöst werden</p><p>D) Durch die rapide Annäherung von hoch aufgetürmten Quellwolken und dem plötzlichen Einsatz von stürmischem Bodenwind</p></div>;B
<div><h1>70) Die in der Luft vorgefundenen Flugbedingungen sind hauptsächlich abhängig:</h1><p>A) Von Wetterlage, Jahreszeit, Tageszeit und Fluggelände</p><p>B) Von der Schichtung (TEMP), Sonneneinstrahlung und Lokalwindsystemen</p><p>C) Von Windrichtung und Windstärke am Startplatz</p><p>D) Von Wetterlage, Jahreszeit, Tageszeit, Fluggelände, der Schichtung (TEMP), Sonneneinstrahlung und Lokalwindsystemen</p></div>;D
<div><h1>71) Wie greifen die Fronten der wandernden Tiefdruckgebiete in der Regel auf Europa über?</h1><p>A) Auf Westeuropa immer sauber getrennt als Warm- und Kaltfronten, auf Osteuropa als Okklusionen</p><p>B) Im Winter überhaupt nicht, weil die Zugbahn der Fronten dann weit im Süden liegt</p><p>C) Sowohl getrennt als Warm- und Kaltfronten, häufig aber auch bereits als Okklusionen</p><p>D) Auf Nordeuropa immer in der Reihenfolge Vorderseite, Okklusion, Rückseite, Zwischenhoch, auf Südeuropa hingegen in der Reihenfolge Vorderseite, Warmfront, Warmsektor, Kaltfront, Rückseite, Zwischenhoch</p></div>;C
<div><h1>72) Die Kaltfront oder die Okklusion hat den Vorhersagebereich überquert. Ab wann darf mit durchgreifender Wetterbesserung gerechnet werden?</h1><p>A) Erst wenn auch in der Höhe die kälteste Luft (der Höhentrog) das Vorhersagegebiet überquert hat</p><p>B) Sobald die Front durchgezogen ist (postfrontales Auflockern)</p><p>C) Dies hängt in erster Linie von den Niederschlagsmengen ab, je mehr es geregnet hat, desto länger lässt die Wetterbesserung auf sich warten</p><p>D) Sobald der Druck am Boden wieder steigt</p></div>;A
<div><h1>73) Die relative Luftfeuchte</h1><p>A) gibt das Verhältnis von absoluter zu maximaler Luftfeuchte an und beträgt in Europa in Bodennähe durchschnittlich 60 bis 80%</p><p>B) liegt in Nebel und Wolken bei 95%</p><p>C) verändert sich bei adiabatischem Auf- oder Absteigen eines Luftpaketes nicht</p><p>D) gibt das Verhältnis von absoluter zu maximaler Luftfeuchte an, beträgt in Europa in Bodennähe durchschnittlich 60 bis 80% und liegt in Nebel und Wolken bei 95%</p></div>;A
<div><h1>74) Abrisskanten sind</h1><p>A) jene Geländeverläufe, an denen sich die Thermik vom Boden löst</p><p>B) im Gebirge typischerweise Kammlinien, Hangknicke oder die Schneegrenze, im Flachland Waldkanten, Gewässer, der Vorderrand von ziehenden Wolkenschatten</p><p>C) Bereiche, in denen Thermikluft entsteht</p><p>D) jene Geländeverläufe, an denen sich die Thermik vom Boden löst, im Gebirge typischerweise Kammlinien, Hangknicke oder die Schneegrenze, im Flachland Waldkanten, Gewässer, der Vorderrand von ziehenden Wolkenschatten</p></div>;D
<div><h1>77) Wo liegen die Abrisskanten im Gebirge in Bezug auf die Warmluftentstehungsgebiete?</h1><p>A) Immer oberhalb der Thermikquellen</p><p>B) Normalerweise mitten in den Erwärmungsgebieten</p><p>C) Unterhalb der Thermikquellen</p><p>D) Normalerweise oberhalb, bei Windeinfluss auch seitlich oberhalb von Thermikquellen</p></div>;D
<div><h1>78) Die z.B. in manchen Fernsehprogrammen oder im Internet live zu verfolgenden Aufnahmen von Wetterkameras in Fluggebieten</h1><p>A) informieren zuverlässig über die am jeweiligen Berg oder in dessen Umgebung zu erwartenden Flugbedingungen</p><p>B) ersparen das Einholen des Flugwetterberichtes</p><p>C) liefern Zusatzinformationen über die momentanen Verhältnisse. Was die eingeblendeten Windwerte angeht, sind sie aber mit großer Vorsicht zu beurteilen</p><p>D) haben für flugmeteorologische Überlegungen nicht die geringste Relevanz</p></div>;C
<div><h1>79) Abbildung 27: Die Abbildung zeigt die Einmündung eines Seitentales in ein großes Haupttal. Der Talwind hat eine Stärke von ca. 25 km/h. Was hat ein Pilot zu erwarten der den gestrichelten Bereich A anfliegt?</h1><p>A) ein kräftiges Lee mit sehr starken Turbulenzen</p><p>B) Pulsierende Luvthermik</p><p>C) schwacher dynamischer Aufwind</p><p>D) Ruhige Flugbedingungen</p></div>;A
<div><h1>80) Abbildung 27: Abbildung: Was hat ein Pilot zu erwarten, wenn er den Hang im gestrichelten Bereich B anfliegt?</h1><p>A) ein kräftiges Lee mit sehr starken Turbulenzen</p><p>B) Ruhige, schwachwindige Flugbedingungen</p><p>C) Einen Talwind-Prallhang mit dynamischem Hangaufwind</p><p>D) Pulsierende Luvthermik</p></div>;C
<div><h1>81) Abbildung 27: Abbildung: Der Pilot will nach einem schönen Juli-Thermikflug im Tal landen. Welche Bereiche bieten sich am Nachmittag für eine sichere Landung an?</h1><p>A) Jede große, hindernisfreie und gemähte Wiese.</p><p>B) Eine vom ungestörten Talwind angeströmten Wiese mit großem Abstand von Leebereichen</p><p>C) Eine Wiese im gestrichelten Bereich A weil der Wind dort schwächer und nahezu laminar ist</p><p>D) Eine hindernisfreie Wiese im direkten Bereich der Taleinmündung</p></div>;B
<div><h1>82) Abbildung 27: Im dynamischen Aufwind auf der Luvseite des Waldrückens (C) fliegen mehrere Gleitschirmpiloten. Nach einer Weile sehen sie am Luvhang auf der anderen Talseite ebenfalls Piloten beim Hangsegeln. Wie sollten sie von (C) nach (B) wechseln?</h1><p>A) Talquerungen erfolgen immer auf kürzestem Weg, also Direktflug von (C) nach (B)</p><p>B) Von (C) in nordwestl. Richtung an den Rand des überströmten Waldrückens fliegen und mit wenigen Metern seitlichem Abstand auf (B) zuhalten</p><p>C) Von (C) in nordwestl. Richtung fliegen und erst mit deutlichem Abstand zum seitlichen Rand des Soaringberges in Richtung (B) einschwenken, damit das Umströmungslee möglichst vermieden wird</p><p>D) Methode egal, Hauptsache die Ankunftshöhe am neuen Soaringhang ist hoch</p></div>;C
<div><h1>83) Abbildung 28: Der Flugwetterbericht hat für den späten Nachmittag einen Kaltfrontdurchgang prognostiziert. Jetzt ist es 14 Uhr und vom Startplatz bietet sich dieses Bild.Wie ist Deine Einschätzung?</h1><p>A) Ich schätze es so ein, dass ein Start und ein schneller Flug mit angelegten Ohren zum Landeplatz noch unproblematisch sind</p><p>B) Ich schätze es so ein, dass ein Start gefährlich wäre und auch schon während der letzten Stunde ein sicherer Flug nicht mehr möglich gewesen wäre</p><p>C) Ich schätze es so ein, dass es ein fantastischer Flug in den großflächigen Aufwinden vor der Front wird und eine Flucht weg von der Front jederzeit möglich ist</p><p>D) Ich schätze es so ein, dass ich leider etwas zu spät dran bin, denn vor 10 Minuten wären die Bedingungen noch gut gewesen</p></div>;B
<div><h1>84) Abbildung 28: Der Flugwetterbericht hat für den späten Nachmittag einen Kaltfrontdurchgang prognostiziert. Jetzt ist es 14 Uhr und vom Startplatz bietet sich dieses Bild.Welche Gefahren wären zu nennen?</h1><p>A) Dass ich nass werde und mein Schirm ein erhöhtes Sinken haben wird</p><p>B) Dass ich wahrscheinlich beschleunigt fliegen muss, weil der Talwind etwas auffrischen wird</p><p>C) Bodennah sehr starker, turbulenter Wind durch Kaltluftausflüsse, überall starkes Steigen, tiefbasige Wolkenbildung durch Labilisierung</p><p>D) Dass die Thermik durch Abschattung endet und dass ich deshalb absaufe</p></div>;C
<div><h1>85) Abbildung 28: Der Flugwetterbericht hat für den späten Nachmittag einen Kaltfrontdurchgang prognostiziert. Jetzt ist es 14 Uhr und vom Startplatz bietet sich dieses Bild. Welche Aussagen sind richtig?</h1><p>A) Bereits die der Kaltfront vorauseilende Kaltluft ist gefährlich, weil sie sich kilometerweit am Boden und durch die Täler ausbreitet</p><p>B) Die Wolken sind gefährlich, ich vermeide es ihnen zu nahe zu kommen und halte mindestens 300 m Abstand</p><p>C) Die der Kaltfront vorauseilende Kaltluft ist nur in größerer Höhe gefährlich, in den Tälern und in Bodennähe sind kritische Flugbedingungen nicht zu erwarten</p><p>D) Hier handelt es sich noch nicht um die Ausläufer der für später angekündigten Kaltfront sondern um normale Thermikwolken (Cumuli), die noch keine Gefahr darstellen</p></div>;A
<div><h1>86) Abbildung 28: Der Flugwetterbericht hat für den späten Nachmittag einen Kaltfrontdurchgang prognostiziert. Jetzt ist es 14 Uhr und vom Startplatz bietet sich dieses Bild.Welche Verhältnisse muss ein Gleitschirmflieger bei einem Flug ins Tal erwarten, wenn Kaltluftausflüsse das Fluggebiet erreichen?</h1><p>A) Ebenfalls problemlose Verhältnisse, allenfalls etwas stärkerer Talwind</p><p>B) Mäßiges aber großflächiges, durch die Ankunft von Kaltluft ausgelöstes Sinken</p><p>C) Großflächiges, turbulentes, durch Kaltluftzufuhr am Boden ausgelöstes Steigen und erhebliche Windzunahme</p><p>D) Windabnahme wegen Aussetzen des Talwindes durch die Kaltfront</p></div>;C
<div><h1>87) Abbildung 28: Der Flugwetterbericht hat für den späten Nachmittag einen Kaltfrontdurchgang prognostiziert. Jetzt ist es 14 Uhr und vom Startplatz bietet sich dieses Bild.Welches Verhalten eines Piloten wäre in dieser Situation richtig, wenn er aus der Luft bemerkt, dass Kaltluftausflüsse das Tal erreichen?</h1><p>A) Weiterfliegen, warten bis die Front abgezogen ist und erst dann im Tal landen</p><p>B) Maximale Höhe machen, umdrehen und dann soweit wie möglich von der Front wegfliegen</p><p>C) Sofort Höhe abbauen (z.B. Ohren anlegen) und die nächste Landemöglichkeit oberhalb des Tales nutzen</p><p>D) Geradeaus Richtung Tal fliegen und auf dem Landeplatz landen</p></div>;C
<div><h1>88) Welche Bezeichnung trägt die Lufthülle der Erde?</h1><p>A) Troposphäre</p><p>B) Biosphäre</p><p>C) Atmosphäre</p><p>D) Stratosphäre</p></div>;C
<div><h1>89) Welcher Bestandteil ist in dem Gasgemisch Luft für das Wettergeschehen verantwortlich?</h1><p>A) Helium</p><p>B) Stickstoff</p><p>C) Sauerstoff</p><p>D) Wasserdampf</p></div>;D
<div><h1>90) In welchem Bereich der Atmosphäre spielt sich das Wettergeschehen ab?</h1><p>A) Tropopause</p><p>B) Troposphäre</p><p>C) Stratosphäre</p><p>D) Mesosphäre</p></div>;B
<div><h1>91) Wo befindet sich in der Atmosphäre immer eine Sperrschicht (Inversion oder Isothermie)?</h1><p>A) Oberhalb der Tropopause</p><p>B) An der Wolkenuntergrenze</p><p>C) Am Erdboden</p><p>D) Nirgends, denn in der Atmosphäre nimmt die Temperatur generell mit der Höhe ab</p></div>;A
<div><h1>92) Wie wird die Obergrenze der Schicht genannt, in der sich das Wettergeschehen abspielt und wie hoch liegt diese Schicht in den mittleren geografischen Breiten?</h1><p>A) Tropopause, durchschnittlich 11 km MSL</p><p>B) Stratopause, durchschnittlich 20 km MSL</p><p>C) Tropopause, durchschnittlich 20 km MSL</p><p>D) Stratopause, durchschnittlich 11 km MSL</p></div>;A
<div><h1>94) Was versteht man unter dem Begriff \"Isothermie\"?</h1><p>A) Die gleichbleibende Temperatur für eine bestimmte Zeitspanne</p><p>B) Die über eine bestimmte Höhendifferenz gleichbleibende Temperatur</p><p>C) Temperaturgleichheit an einem bestimmten Ort zwischen Tag und Nacht</p><p>D) Die über eine bestimmte Höhendifferenz steigende Temperatur</p></div>;B
<div><h1>95) Innerhalb einer Inversion ändert sich die Temperatur mit zunehmender Höhe wie folgt: Die Temperatur</h1><p>A) nimmt ab</p><p>B) bleibt gleich</p><p>C) verhält sich indifferent</p><p>D) nimmt zu</p></div>;D
<div><h1>96) Eine Bodeninversion entsteht dadurch, dass</h1><p>A) kältere Luft herangeführt wird</p><p>B) der Erdboden - und damit auch die aufliegende Luftschicht - sich durch Ausstrahlung abkühlt</p><p>C) der Erdboden nachts langwellige Wärmestrahlung aufnimmt</p><p>D) der Erdboden die aufliegende Luftschicht erwärmt</p></div>;B
<div><h1>97) In den Bäumen am Startplatz bewegt der Wind die Zweige und dünneren Äste mit einem vernehmbaren Rauschen. Welche Windgeschwindigkeit zeigen diese Merkmale an:</h1><p>A) 5 - 10 km/h</p><p>B) 10 - 15 km/h</p><p>C) 20 - 25 km/h</p><p>D) über 30 km/h</p></div>;C
<div><h1>98) Ein Pilot bemerkt während des Fluges, dass sich auf einem nahe des Landeplatzes befindlichen See erste Schaumkronen bilden. Mit welcher Windgeschwindigkeit hat er bei der Landung zu rechnen?</h1><p>A) ca. 10 km/h</p><p>B) ca. 30 km/h</p><p>C) über 40 km/h</p><p>D) über 50 km/h</p></div>;B
<div><h1>99) In der Position fliegend bemerkt der Pilot, dass sich der Windsack am Landeplatz gefüllt hat und zwischen gestreckter und leicht hängender Position pendelt. Mit welcher Windgeschwindigkeit hat er bei der Landung zu rechnen?</h1><p>A) 5- 10 km/h</p><p>B) 3 - 5 km/h</p><p>C) 25 - 30 km/h</p><p>D) 15 - 20 km/h</p></div>;D
<div><h1>100) Die Fahnen am Bergrestaurant nahe des Startplatz knattern vernehmlich. Der Wind hat eine Stärke von mindestens</h1><p>A) 35 km/h</p><p>B) 15 km/h</p><p>C) 25 km/h</p><p>D) 50 km/h</p></div>;A
<div><h1>101) Strahlt die Sonne auf Wasser und Land gleichmäßig ein,</h1><p>A) heizt sich die Landoberfläche schneller auf als die Wasseroberfläche</p><p>B) heizt sich die Wasseroberfläche schneller auf als die Landoberfläche</p><p>C) entsteht normalerweise Landwind</p><p>D) entstehen Wellen</p></div>;A
<div><h1>102) In Gebirgstälern weht der Wind an sommerlichen Schönwettertagen in der Regel</h1><p>A) nachmittags talaufwärts</p><p>B) nachmittags talabwärts</p><p>C) frühmorgens talaufwärts</p><p>D) abends talaufwärts</p></div>;A
<div><h1>103) Verengungen in einem Gebirgstal</h1><p>A) verringern die Windgeschwindigkeit</p><p>B) haben keinen Einfluss auf die Windgeschwindigkeit</p><p>C) erhöhen die Windgeschwindigkeit und damit die Turbulenzgefahr</p><p>D) mindern die Turbulenzgefahr</p></div>;C
<div><h1>104) Im Gebirge</h1><p>A) wird der Wind durch die Form der Täler stark kanalisiert</p><p>B) wird ein Kaltlufteinfluss in kürzester Zeit eine gravierende Windzunahme mit sich bringen</p><p>C) ist ein herannahender Wettersturz schlechter zu erkennen als im Flachland</p><p>D) Alle sind richtig</p></div>;D
<div><h1>105) Auf einem Gletscher ist an windschwachen Tagen</h1><p>A) mit Abwind zu rechnen.</p><p>B) mit Aufwind zu rechnen.</p><p>C) mit Thermik zu rechnen.</p><p>D) mit optimalen Startbedingungen zu rechnen.</p></div>;A
<div><h1>106) Welche Gefahr ist bei Annäherung an ein Gewitter gegeben?</h1><p>A) Die Böenwalze, mit hohen Windgeschwindigkeiten und starken Turbulenzen</p><p>B) Hagel und heftige Regenschauer</p><p>C) Starke Auf- und Abwinde</p><p>D) Alle sind richtig</p></div>;D
<div><h1>107) Bei welcher Front ist die Gewitterbildung am wahrscheinlichsten? Bei einer</h1><p>A) Warmfront</p><p>B) Kaltfront</p><p>C) Okklusion mit Warmfrontcharakter</p><p>D) Warm- und Kaltfront</p></div>;B
<div><h1>108) Zu welcher Tageszeit und bei welchen Bedingungen entstehen im allgemeinen Frontgewitter?</h1><p>A) meist nachmittags bei Aufgleiten warmer Luft auf kalte Luft</p><p>B) zu jeder Tageszeit gegen Ende einer sommerlichen Hochdrucklage</p><p>C) morgens beim Einfließen tropischer Luft auf den unterkühlten Boden</p><p>D) zu jeder Tageszeit bei Einbruch hoch reichender Kaltluft</p></div>;D
<div><h1>109) Der Flugwetterbericht spricht von "Überentwicklungen". Was ist darunter zu verstehen?</h1><p>A) Übergang der Blauthermik zu Wolkenthermik</p><p>B) Ausbildung einzelner Cumuluswolken</p><p>C) Starkes Vertikalwachstum der Cumuluswolken zu Schauer- und Gewitterwolken</p><p>D) Entwicklung eines Sturmtiefs</p></div>;C
<div><h1>110) Aus welchem Grund lösen sich Warmluftblasen vom Boden?</h1><p>A) Durch einen starken Temperaturvorsprung gegenüber der Umgebungsluft</p><p>B) Wegen eines Bewegungsimpulses</p><p>C) Wegen des Windes, der die Blase an eine Abrisskante drückt</p><p>D) Alle sind richtig</p></div>;D
<div><h1>111) Welcher Untergrund ist im Flachland für die Entstehung von Thermik am besten geeignet?</h1><p>A) Trockene Wiesen und reife Kornfelder</p><p>B) Große Wasserflächen</p><p>C) Laubwälder</p><p>D) Schneefelder</p></div>;A
<div><h1>112) Wie bezeichnet man eine Schichtwolke in 5000 m MSL?</h1><p>A) Altostratus</p><p>B) Stratus</p><p>C) Cirrostratus</p><p>D) Cirrocumulus</p></div>;A
<div><h1>113) Wie bezeichnet man eine Haufenwolke in 1500 m GND?</h1><p>A) Stratus</p><p>B) Cumulus</p><p>C) Lenticularis</p><p>D) Ventus</p></div>;B
<div><h1>114) Welche der nachfolgenden Wolkenarten erreicht die größte vertikale Ausdehnung?</h1><p>A) Nimbostratus</p><p>B) Altocumulus</p><p>C) Stratocumulus</p><p>D) Stratus</p></div>;A
<div><h1>115) Als Wolken im oberen Stockwerk bezeichnet man</h1><p>A) Cirrostratus, Cirrocumulus, Cirrus</p><p>B) Altocirrus, Cumulocirrus</p><p>C) Nibostratus, Altostratus</p><p>D) Cumulus, Stratus</p></div>;A
<div><h1>116) Landung bei starkem Wind (25 km/h) auf einem Landeplatz, der luvseitig von einer 10 Meter hohen Gebäude- und Baumreihe begrenzt wird. Welche Aussagen sind richtig?</h1><p>A) Hindernisse an der Luvseite haben keinen Einfluss auf die Strömung des Windes</p><p>B) Starke Turbulenzen sind leeseitig der Hindernisse bis zu einem Abstand des 10-fachen der Hindernishöhe zu erwarten</p><p>C) Starke Turbulenzen sind luvseitig der Hindernisse bis zu einem Abstand des 10-fachen der Hindernishöhe zu erwarten</p><p>D) Starke Turbulenzen sind unmittelbar hinter den Hindernissen zu erwarten</p></div>;B
<div><h1>117) Abbildung 41: Auf der Abbildung ist die prognostizierte Druckdifferenz zwischen Innsbruck (AT) auf der Alpennordseite und Bozen (IT) auf der Alpensüdseite dargestellt. Sie kündigt</h1><p>A) ausgeprägten Nordföhn an der Alpensüdseite ab zweiten Vorhersagetag und eine Umstellung auf eine Südföhnlage an der Alpennordseite für den vierten und fünften Vorhersagetag an</p><p>B) ausgeprägten Nordföhn an der Alpennordseite ab zweiten Vorhersagetag und eine Umstellung auf eine starke Südföhnlage an der Alpensüdseite für den vierten und fünften Vorhersagetag an</p><p>C) ausgeprägten Südföhn an der Alpennordseite ab zweiten Vorhersagetag und eine Umstellung auf eine starken Nordföhnlage an der Alpensüdseite für den vierten und fünften Vorhersagetag an</p><p>D) weder für die Alpennordseite noch für die Alpensüdseite Föhnlagen in den Vorhersagetagen an</p></div>;A
<div><h1>118) Wind entsteht</h1><p>A) durch Druckunterschiede</p><p>B) auf göttliche Anweisung</p><p>C) durch Dichteunterschiede</p><p>D) durch Temperaturunterschiede</p></div>;A
<div><h1>119) Was ist richtig? Der Wind auf der Nordhalbkugel</h1><p>A) strömt vom Hoch zum Tief, mit der Höhe erfolgt eine zunehmende Ablenkung nach rechts</p><p>B) strömt vom Hoch zum Tief, mit der Höhe erfolgt eine zunehmende Ablenkung nach links</p><p>C) strömt vom Tief zum Hoch, mit der Höhe erfolgt eine zunehmende Ablenkung nach rechts</p><p>D) strömt vom Tief zum Hoch, mit der Höhe erfolgt eine zunehmende Ablenkung nach links</p></div>;A
<div><h1>120) Ein ausgeprägtes, stationäres Hoch im Sommer sorgt oft tagelang für Schönwetter mit flachen Cumuluswolken und geringer Gewittergefahr. Welcher Vorgang ist für diesen Umstand maßgebend?</h1><p>A) Die starke Sonneneinstrahlung verhindert größere Wolkenbildung</p><p>B) Die im Hoch großflächig absinkenden und damit Wolken auflösenden Luftmassen</p><p>C) Die sommerliche Hitze verhindert größere Wolkenbildung</p><p>D) Die im Hoch großflächig aufsteigenden und damit Wolken auflösenden Luftmassen</p></div>;B
<div><h1>121) Was ist ein Zwischenhoch?</h1><p>A) Rückseitenwetter</p><p>B) Relativ hoher Druck zwischen Tiefdruckgebieten</p><p>C) Der Warmsektor einer Zyklone</p><p>D) Ein Hoch zwischen anderen Hochs</p></div>;B
<div><h1>122) Mit welcher Drehrichtung werden Hochdruckgebiete und mit welcher werden Tiefdruckgebiete auf der Nordhalbkugel umströmt?</h1><p>A) Hoch mit, Tief gegen Uhrzeigersinn</p><p>B) Hoch gegen, Tief mit Uhrzeigersinn</p><p>C) Hoch und Tief gegen Uhrzeigersinn</p><p>D) Hoch und Tief mit Uhrzeigersinn</p></div>;A
<div><h1>123) Was bedeutet Nordstau am Alpennordrand?</h1><p>A) A8, A7, A95 wegen starkem Urlauberverkehr dicht</p><p>B) Hochnebel entlang des Alpenrandes bis in die Gipfelregionen, vornehmlich im Spätherbst</p><p>C) Die bei Südföhn typische Staubewölkung am Alpenhauptkamm</p><p>D) Tiefe, meist aufliegende Bewölkung, die sich am Hindernis des Alpenrands staut, bei anhaltendem Zustrom feuchter Luft aus nördlichen Richtungen</p></div>;D
<div><h1>124) Was geschieht, wenn aufsteigende warme Luft eine relative Luftfeuchtigkeit von 100% überschritten hat und ausreichend Kondensationskerne vorhanden sind?</h1><p>A) Die Feuchtigkeit kondensiert, es bildet sich ein Wolke</p><p>B) Es fängt zu regnen an</p><p>C) Es entsteht ein Gewitter</p><p>D) Es entsteht ein Regenbogen</p></div>;A
<div><h1>125) Wie bezeichnet man a) die dem Wind zugewandte Seite und b) die dem Wind abgewandte Seite</h1><p>A) a) Backbord b) Steuerbord</p><p>B) a) Luv b) Lee</p><p>C) a) Lee b) Luv</p><p>D) a) Luu b) Lev</p></div>;B
<div><h1>126) Bei Ostwindlagen</h1><p>A) werden oft trockene, kältere Luftmassen herangeführt, durch die Sonneneinstrahlung entsteht starke, turbulente Thermik</p><p>B) ist die Böigkeit des Windes besonders stark ausgeprägt</p><p>C) ist eine besonders sorgfältige Prüfung der Wind- und Thermiksituation erforderlich</p><p>D) Alle sind richtig</p></div>;D
<div><h1>127) Abbildung 49: Welche Aussage zu der Abbildung ist richtig?</h1><p>A) 1 bezeichnet ein Leegebiet mit Turbulenzen und Abwind, 3 ein Luvgebiet mit Aufwind und 2 ist ein Haus</p><p>B) 1 bezeichnet die Aufwindzone (Luvseite) eines Hanges, 2 und 3 sind Leegebiete mit Turbulenzen und Abwind</p><p>C) Mit 20 km/h ist der Wind so schwach, dass sich keine Luv- und Leegebiete bilden</p><p>D) 1 bezeichnet die Aufwindzone (Luvseite) eines Hanges, 2 und 3 sind völlig windstille Bereiche, die für einen Flug bzw. eine Landung mit dem Gleitschirm ideal sind</p></div>;B
<div><h1>128) Abbildung 50: Auf einer Bodenwetterkarte werden Fronten mit Symbolen gekennzeichnet. Die auf der Abbildung dargestellten Fronten sind, von links nach rechts</h1><p>A) Kaltfront - Okklusion - Warmfront</p><p>B) Okklusion - Warmfront - Kaltfront</p><p>C) Warmfront - Okklusion - Kaltfront</p><p>D) Kaltfront - Warmfront - Okklusion</p></div>;A
<div><h1>129) Abbildung 52: Wind-Vorhersagekarten, z.B. für die 850 hPa-Druckfläche (ca. 1500 m MSL), sind besonders wichtige Informationsquellen für Gleitschirmflieger. Das Symbol auf der Abbildung aus einer solchen Karte bedeutet</h1><p>A) Wind mit 15 Knoten aus Südwest</p><p>B) Wind mit 15 Knoten aus Nordost</p><p>C) Wind mit 15 km/h aus Südwest</p><p>D) Wind mit 15 km/h aus Nordost</p></div>;B
<div><h1>130) "Die Gleitschirmflieger wurden von einer Kaltfront überrascht". Welche Aussage ist richtig?</h1><p>A) Kaltfronten sind für Meteorologen schwer prognostizierbar und bilden sich meist völlig unerwartet</p><p>B) Kaltfronten brechen urplötzlich ins Fluggebiet ein, und können dadurch auch Piloten, die eine gute Flugvorbereitung gemacht haben, überraschen</p><p>C) Kaltfronten können zwar nur schwer prognostiziert werden, sind aber lange vor ihrem Erscheinen anhand von Vorzeichen wie allmähliche Verdichtung der Cirren, langsames Absinken der Wolkenuntergrenze, Einsetzen leichten Regens, erkennbar</p><p>D) Kaltfronten werden in den Flugwetterberichten sehr zuverlässig prognostiziert. Wer sich von einer Kaltfront überraschen lässt, hat einen groben Fehler in seiner Flugvorbereitung gemacht.</p></div>;D
<div><h1>131) Lokaler Thermikflug, Du hast 100 m über dem Startplatz aufgedreht und beobachtest in Deiner Umgebung ein starkes vertikales Wachstum der Cumuluswolken bei gleichzeitig sinkender Wolkenbasis.</h1><p>A) Dies sind klare Hinweise auf die baldige Aktivität einer Kaltfront oder eines Gewitters, Flug sofort abbrechen und schnellstmöglich landen</p><p>B) Gefahr besteht erst, wenn die Cumuluswolken in ihren oberen Bereichen vereisen, bis dahin ist nicht mit einer Auswirkung auf die Flugbedingungen zu rechnen</p><p>C) Dies sind klare Hinweise auf die baldige Aktivität einer Kaltfront oder eines Gewitters, so hoch wie möglich aufdrehen und in Gegenrichtung flüchten</p><p>D) Beides gleichzeitig geht nicht,. entweder die Cumuluswolke wächst nach oben oder die Wolkenbasis sinkt</p></div>;A