<div><h1>1) Abbildung 12: Wie bezeichnet man die Punkte 1 und 2 in der Abbildung?</h1><p>A) 1 = Obersegel 2 = Untersegel</p><p>B) 1 = Untersegel 2 = Obersegel</p><p>C) 1 = Eintrittskante 2 = Austrittskante</p><p>D) 1 = Oberliek 2 = Unterliek</p></div>;A
<div><h1>2) Abbildung 12: Wie bezeichnet man die Punkte 3, 4 und 5 in der Abbildung?</h1><p>A) 3 = Kappenende 4 = Galerieleinen 5 = Stammleinen</p><p>B) 3 = Stabilisator 4 = Bremsspinne 5 = Hauptbremsleine</p><p>C) 3 = Seitenbegrenzung 4 = Kevlarleine 5 = Dyneemaleine</p><p>D) 3 = Ausgleichsöffnung (Crossport) 4 = Leine zum Ohrenanlegen 5 = Hauptstammleine</p></div>;B
<div><h1>3) Abbildung 12: Wie bezeichnet man die Punkte 6 und 7 in der Abbildung?</h1><p>A) 6 = Hauptleine 7 = Nebenleine</p><p>B) 6 = Galerieleinen 7 = Stammleine</p><p>C) 6 = Stammleine 7 = Galerieleinen</p><p>D) 6 = Tragegurtleine 7 = Verbindungsleine</p></div>;C
<div><h1>4) Abbildung 31: Wie bezeichnet man die Punkte 1, 2 und 3 in der Abbildung?</h1><p>A) 1 = Leinenbündler 2 = Rettungsgerätegriff 3 = Rettungsgeräte-Verbindungsleine</p><p>B) 1 = Leinenschloss 2 = Steuerschlaufe (Bremsgriff) 3 = hinterer Tragegurt</p><p>C) 1 = Hauptkarabiner 2 = Notgriff 3 = A-Tragegurt</p><p>D) 1 = Aufhängekarabiner 2 = Bremspedal 3 = A-Tragegurt</p></div>;B
<div><h1>5) Ober- und Untersegel des Gleitschirms</h1><p>A) Sind durch Zellwände und Zellzwischenwände verbunden</p><p>B) Erhalten ihr Profil durch profilierte Rippen</p><p>C) Sind an der Hinterkante (Austrittskante) zusammengenäht</p><p>D) Alle sind richtig</p></div>;D
<div><h1>6) Die Lastverteilung auf die Leinen der einzelnen Leinenebenen im Flug ist</h1><p>A) Ca. 1/2 auf A-und B-Leinen, 1/2 auf C-und D-Leinen</p><p>B) Ca. 3/4 auf A- Leinen, der Rest auf B-, C-und D-Leinen</p><p>C) Ca. 2/3 auf A-und B-Leinen und 1/3 auf C-und D-Leinen</p><p>D) Allein vom jeweiligen Gleitschirmtyp abhängig</p></div>;C
<div><h1>7) Wie bezeichnet man den vordersten Teil der Gleitschirmkappe, an welchem sich die Öffnungen befinden?</h1><p>A) Eintrittskante</p><p>B) Einlasskante</p><p>C) Stabilisator</p><p>D) Profilkante</p></div>;A
<div><h1>8) Das am häufigsten verwendete Tuchmaterial beim Gleitschirm ist</h1><p>A) Polyester</p><p>B) PVC</p><p>C) Aramid</p><p>D) Polyamid (Nylon)</p></div>;D
<div><h1>9) Was versteht man unter Ripstop-Gewebe?</h1><p>A) Eine spezielle Webtechnik für Gleitschirmtücher, sie erhöht die Wetterbeständigkeit</p><p>B) Ein luftundurchlässiges Tuch</p><p>C) Eine spezielle Webtechnik für Gleitschirmtücher, sie erhöht die Reißfestigkeit des Tuches</p><p>D) Eine spezielle Webtechnik für Gleitschirmtücher, sie erhöht die Diagonaldehnung des Tuches</p></div>;C
<div><h1>10) Ein feuchter Gleitschirm sollte</h1><p>A) über längere Zeit an der Sonne getrocknet werden</p><p>B) "trocken geflogen" werden</p><p>C) an einem schattigen Ort getrocknet werden</p><p>D) Alle sind zu empfehlen</p></div>;C
<div><h1>11) Sonneneinstrahlung und mechanische Belastung wie bspw. Schleifen des Schirmes über den Boden</h1><p>A) können die Beschichtung des Tuches innerhalb kürzester Zeit zerstören</p><p>B) können die Beschichtung des Tuches auf längere Zeit nachhaltig schädigen</p><p>C) schädigen die Beschichtung des Tuches nur in Verbindung mit Feuchtigkeit</p><p>D) schädigen hauptsächlich die Fangleinen des Gleitschirms</p></div>;B
<div><h1>12) Druckausgleichsöffnungen (Crossports)</h1><p>A) bewirken, dass die Luft quer durch die Kappe strömen kann und eingeklappte Zellen dadurch wieder geöffnet werden</p><p>B) werden die Öffnungen an der Eintrittskante des Gleitschirms bezeichnet</p><p>C) sind an Ober- und Untersegel angebracht und verteilen den Überdruck gleichmäßig in der ganzen Gleitschirmkappe</p><p>D) befinden sich an der Hinterkante (Austrittskante) und ermöglich ein kontrolliertes Entweichen des Überdrucks in der Gleitschirmkappe</p></div>;A
<div><h1>14) Verstärkungen im Bereich der Eintrittskante der Gleitschirmkappe</h1><p>A) werden aus Festigkeitsgründen verwendet</p><p>B) erschweren den Füllvorgang der Kappe beim Start</p><p>C) sind in den Gütesiegelanforderungen vorgeschrieben</p><p>D) erleichtern den Füllvorgang der Kappe beim Starten und stabilisieren die Eintrittskante in Turbulenzen</p></div>;D
<div><h1>15) Querbänder, die in Querrichtung in die Kappe eingenäht sind,</h1><p>A) erhöhen die Festigkeit des stark belasteten hinteren Teils der Kappe</p><p>B) erhöhen die Festigkeit des stark belasteten vorderen Teils der Kappe</p><p>C) erhöhen die aerodynamische Stabilität und verringern Eigenschwingungen der Kappe</p><p>D) sollen die Starteigenschaften des Gleitschirms verbessern</p></div>;C
<div><h1>16) Die Luftdurchlässigkeit (Porosität) bei Gleitschirmtüchern</h1><p>A) sollte möglichst groß sein</p><p>B) sollte möglichst gering sein</p><p>C) spielt eine untergeordnete Rolle</p><p>D) kann mit Imprägniermittel immer wieder aufgebessert werden</p></div>;B
<div><h1>17) Stark gealterte Gleitschirmtücher</h1><p>A) sind häufig an der deutlich verblassten Farbe erkennbar</p><p>B) haben eine verringerte Dehnungsstabilität und Reißfestigkeit</p><p>C) können sich nachteilig auf Startverhalten und Sackflugneigung des Gleitschirms auswirken</p><p>D) Alle sind richtig</p></div>;D
<div><h1>18) Bei Kontakt mit Chemikalien wie bspw. Batteriesäure</h1><p>A) werden Tuch und Leinen des Gleitschirms schwer beschädigt</p><p>B) darf der Schirm nicht mehr geflogen werden</p><p>C) ist eine Überprüfung durch den Hersteller erforderlich</p><p>D) Alle sind richtig</p></div>;D
<div><h1>19) V-Rippen (Diagonalzellen)</h1><p>A) sind ein konstruktives Mittel um die Zahl der Leinansatzpunkt an der Kappe ohne Verschlechterung der Profilgenauigkeit zu reduzieren</p><p>B) erhöhen die Profilgenauigkeit weil weniger Leinenansatzpunkte an der Kappe angreifen</p><p>C) werden zur Festigkeitserhöhung eingesetzt</p><p>D) werden nur in Hochleistungsgleitschirmen verwendet</p></div>;A
<div><h1>20) Aus welchem Anlass ist das Kontrollieren der Leinenlängen erforderlich?</h1><p>A) Nach einer Baumlandung</p><p>B) Nach einer Wasserlandung</p><p>C) Bei auffälligem Flugverhalten</p><p>D) Alle sind richtig</p></div>;D
<div><h1>21) Welche Anforderungen werden unter anderem an Gleitschirmleinen gestellt?</h1><p>A) Geringe Dehnung, geringe Bruchlast</p><p>B) Hohe Dehnung, geringe Bruchlast</p><p>C) Geringe Dehnung, hohe Bruchlast</p><p>D) Hohe Dehnung, hohe Bruchlast</p></div>;C
<div><h1>22) Verbindungselemente aus Aluminium müssen umgehend ausgetauscht werden, wenn</h1><p>A) Dellen oder Kerben sichtbar sind</p><p>B) der Schnapper nicht mehr selbständig schließt</p><p>C) die vom Hersteller angegebene Gebrauchsdauer überschritten worden ist</p><p>D) Alle sind richtig</p></div>;D
<div><h1>24) Auf welches Leinen-Kernmaterial treffen diese Eigenschaften zu: Extrem dehnungsarm, knickempfindlich, hitzebeständig, gelbfaserig.</h1><p>A) Dyneema</p><p>B) Polyester</p><p>C) Nylon</p><p>D) Kevlar (Aramid)</p></div>;D
<div><h1>25) Auf welches Leinen-Kernmaterial treffen diese Eigenschaften zu: Weitgehend dehnungsarm, knickunempfindlich, hitzeunbeständig, weißfaserig.</h1><p>A) Nylon</p><p>B) Kevlar (Aramid)</p><p>C) Dyneema</p><p>D) Polyester</p></div>;C
<div><h1>26) Welche Aufgabe hat der Mantel von Gleitschirmleinen?</h1><p>A) Abrieb- und UV-Schutz</p><p>B) Er schützt den empfindlichen Kern vor Feuchtigkeit</p><p>C) Er schützt den empfindlichen Kern vor Hitze und Kälte</p><p>D) Er gleicht die starke Dehnung des Kerns aus</p></div>;A
<div><h1>27) Welche Aussage zur Steuerleineneinstellung ist richtig?</h1><p>A) Der Vorlauf (Leerweg) der Steuerleinen sollte so kurz wie möglich sein, maximal 3 cm</p><p>B) Die werkseitige Steuerleineneinstellung sollte nicht verändert werden, weil der vorgegebene Vorlauf (Leerweg) sehr wichtig für sicheres Verhalten des Gerätes ist</p><p>C) Die Steuerleinen können grundsätzlich nicht verstellt werden, weil diese, wie alle anderen Leinen des Gleitschirms, fest vernäht sind</p><p>D) Die Länge der Steuerleinen wird durch "Wickeln" angepasst</p></div>;B
<div><h1>28) Die Länge der Steuerleinen sollte so eingestellt sein, dass</h1><p>A) zum Landen einmal gewickelt werden muss</p><p>B) das Gerät bis auf Schulterhöhe angebremst mit dem besten Gleiten fliegt</p><p>C) der ganze Geschwindigkeitsbereich des Gleitschirms problemlos erflogen werden kann</p><p>D) die Leinen möglichst kurz sind, um ein Verwickeln mit den D-Leinen zu verhindern</p></div>;C
<div><h1>29) Eine Verkürzung der Steuerleinen</h1><p>A) kann den erforderlichen Vorlauf (Leerweg) so stark reduzieren, dass es zu Problemen beim Aufziehen und beim Beschleunigen kommen kann</p><p>B) kann sich im Laufe der Zeit auch durch Schrumpfung der Dyneemaleinen ergeben</p><p>C) kann das Extremflugverhalten drastisch verschärfen</p><p>D) Alle sind richtig</p></div>;D
<div><h1>30) Die Stammleinen des Gleitschirms</h1><p>A) münden in den Leinenschlössern</p><p>B) weisen in der Regel den größten Durchmesser auf</p><p>C) vergabeln sich nach oben zu den Galerieleinen</p><p>D) Alle sind richtig</p></div>;D
<div><h1>32) Was kann auf Schrumpfung (Verkürzung) der hinteren Leinenebenen hinweisen?</h1><p>A) Ausgebleichte Leinen</p><p>B) Ungewohnt verzögertes Hochsteigen der Kappe beim Start</p><p>C) Ungewohnt schnelles Hochsteigen der Kappe beim Start</p><p>D) Ungewohnt hohe Trimmgeschwindigkeit</p></div>;B
<div><h1>33) Die Stammleine, die zum äußeren Flügelende des Gleitschirms führt,</h1><p>A) ist die Leine zum Ohrenanlegen und deshalb häufig andersfarbig markiert</p><p>B) hat einen besonders großen Durchmesser, weil sie hohe Lasten aufnehmen muss</p><p>C) ist die Stabiloleine, die zum leichtern Auffinden für das Lösen eines Verhängers andersfarbig markiert</p><p>ist</p><p>D) muss besonders elastisch sein und ist deshalb immer aus Dyneema- Material</p></div>;C
<div><h1>34) Die Gesamtfestigkeit aller Stammleinen der A-und B-Leinenebenen</h1><p>A) muss mindestens doppelt so hoch sein wie das maximale Startgewicht des Gleitschirms, und nicht weniger als 200 kg</p><p>B) muss mindestens das 8- fache des maximal zulässigen Startgewichtes des Gleitschirms betragen, und nicht weniger als 800 kg (8.000 N)</p><p>C) ist von weniger großer Bedeutung, da die Hauptlast von den hinteren C- und D- Leinenebenen getragen werden</p><p>D) muss generell 1 Tonne überschreiten</p></div>;B
<div><h1>35) Viele Gleitschirme haben zweigeteilte A-Tragegurte. Damit</h1><p>A) soll das Starten erleichtert werden</p><p>B) soll das Ohrenanlegen erleichtert werden</p><p>C) soll das Beschleunigen erleichtert werden</p><p>D) soll der B-Leinen- Stall erleichtert werden</p></div>;B
<div><h1>36) Welche Aussagen zum Beschleunigungssystem sind richtig?</h1><p>A) Bei Betätigung verkleinert es den Anstellwinkel des Gleitschirmes durch Verkürzen der C-und D-Tragegurte</p><p>B) Bei Betätigung verkleinert es den Anstellwinkel des Gleitschirmes durch Verkürzen der A-und B-Tragegurte</p><p>C) Es sollte nur bei Starkwind-Flügen eingehängt werden</p><p>D) Bei Betätigung steigert es die Höchstgeschwindigkeit des Gleitschirmes um bis zu 5%.</p></div>;B
<div><h1>37) Welche Aussagen zum Beschleunigungssystem sind richtig?</h1><p>A) Bei Betätigung erhöhen sich Eigengeschwindigkeit und Einklapptendenz, die Sinkgeschwindigkeit verringert sich</p><p>B) Bei Betätigung erhöhen sich Eigengeschwindigkeit und Sinkgeschwindigkeit, die Einklapptendenz nimmt ab</p><p>C) Bei Betätigung erhöhen sich Eigengeschwindigkeit, Sinkgeschwindigkeit und Einklapptendenz</p><p>D) Die Eigengeschwindigkeit erhöht sich nur bei Gegenwind, Sinkgeschwindigkeit und Einklapptendenz steigen an</p></div>;C
<div><h1>38) Das Beschleunigungssystem des Gleitschirmes</h1><p>A) sollte exakt auf den Piloten eingestellt werden</p><p>B) sollte bei jedem Höhenflug eingehängt werden</p><p>C) sollte in turbulenten Flugbedingungen sowie in Bodennähe nicht betätigt werden</p><p>D) Alle sind richtig</p></div>;D
<div><h1>39) Bei der Wahl des Gurtzeuges sollte vor allem darauf geachtet werden, dass</h1><p>A) eine möglichst exakte Anpassung an die Statur des Piloten möglich ist</p><p>B) ein einwandfreies Auslösen des Rettungsschirmes aus dem Außencontainer möglich ist</p><p>C) eine aufrechte und laufbereite Pilotenposition eingenommen werden kann</p><p>D) Alle sind richtig</p></div>;D
<div><h1>40) Eignung und Grundeinstellungen eines Gurtzeuges testet man am besten</h1><p>A) bei einem langen Thermikflug</p><p>B) in einem Gurtzeug-Simulator unter Einweisung eines Fluglehrers</p><p>C) bei einem Tandemflug mit Fluglehrer</p><p>D) Gurtzeuge haben Einheitsgröße, ein Test ist nicht erforderlich</p></div>;B
<div><h1>41) Welche Charakteristiken treffen auf Gurtzeuge mit hohen Aufhängepunkten zu?</h1><p>A) Die Bewegungen der Schirmkappe werden sehr deutlich auf den Piloten übertragen. Der Schirm spricht sensibel auf Steuerung mit Gewichtsverlagerung an</p><p>B) Die Bewegungen der Schirmkappe werden gedämpft auf den Piloten übertragen. Der Schirm spricht wenig sensibel auf Steuerung mit Gewichtsverlagerung an</p><p>C) Die Bewegungen der Schirmkappe werden sehr deutlich auf den Piloten übertragen. Der Schirm spricht wenig sensibel auf Steuerung mit Gewichtsverlagerung an</p><p>D) Die Bewegungen der Schirmkappe werden gedämpft auf den Piloten übertragen. Der Schirm spricht sensibel auf Steuerung mit Gewichtsverlagerung an</p></div>;B
<div><h1>42) Welche Charakteristiken treffen auf Gurtzeuge mit niedrigen Aufhängepunkten zu?</h1><p>A) Die Bewegungen der Schirmkappe werden sehr deutlich auf den Piloten übertragen. Der Schirm spricht sensibel auf Steuerung mit Gewichtsverlagerung an.</p><p>B) Die Bewegungen der Schirmkappe werden gedämpft auf den Piloten übertragen. Der Schirm spricht wenig sensibel auf Steuerung mit Gewichtsverlagerung an.</p><p>C) Die Bewegungen der Schirmkappe werden sehr deutlich auf den Piloten übertragen. Der Schirm spricht wenig sensibel auf Steuerung mit Gewichtsverlagerung an.</p><p>D) Die Bewegungen der Schirmkappe werden gedämpft auf den Piloten übertragen. Der Schirm spricht sensibel auf Steuerung mit Gewichtsverlagerung an.</p></div>;A
<div><h1>43) Die Schließen an Frontgurt (Brustgurt) und Beingurten des Gurtzeuges</h1><p>A) müssen regelmäßig geölt werden</p><p>B) müssen der Luftfahrt-Norm entsprechen</p><p>C) müssen beim Schließen hörbar einrasten</p><p>D) sind auch verschmutzt oder vereist voll funktionsfähig</p></div>;C
<div><h1>44) Herausfallsicherungen an Gurtzeugen</h1><p>A) schützen den Piloten vor dem Herausfallen bei unverschlossenen Beingurten</p><p>B) schützen das Rettungsgerät vor dem Herausfallen bei offenem Außencontainer</p><p>C) machen den Checkpunkt "Pilot" beim Startcheck überflüssig</p><p>D) verbinden den Frontgurt (Brustgurt) mit den Schultergurten des Gurtzeuges</p></div>;A
<div><h1>45) Nach den Lufttüchtigkeitsforderungen geprüfte Gleitschirmgurtzeuge müssen einen Rückenschutz aufweisen. Welchen?</h1><p>A) Mustergeprüfte Luftprotektoren oder Schaumstoff-Protektoren</p><p>B) Hartschalen-Protektoren</p><p>C) CE-zertifizierte Motorrad-Protektoren oder Snowboard-Protektoren</p><p>D) Alle sind richtig</p></div>;A
<div><h1>46) Die Reinigung eines verschmutzten Gleitschirms</h1><p>A) kann mit herkömmlichen Haushaltsreinigern gemäß Anleitung des Reinigungsmittelherstellers erfolgen</p><p>B) kann mit klarem Wasser durchgeführt werden, trocknen in der Sonne</p><p>C) kann mit klarem Wasser durchgeführt werden, trocknen an einem schattigen Ort</p><p>D) muss mit Spiritus durchgeführt werden</p></div>;C
<div><h1>47) Welche Grundsätze gelten für Reparaturen von Gleitschirmen?</h1><p>A) Jegliche Art von Reparatur darf nur vom Hersteller durchgeführt werden</p><p>B) Kleine Risse kann der Pilot mit Klebesegel reparieren, größere Reparaturen gehören in den Fachbetrieb</p><p>C) Segelreparaturen darf der Pilot selbst durchführen, Reparaturen von Leinen dürfen nur vom Hersteller durchgeführt werden</p><p>D) Leinenreparaturen darf der Pilot selbst durchführen, Segelreparaturen dürfen nur vom Hersteller durchgeführt werden</p></div>;B
<div><h1>48) Bei einer Nachprüfung (Check) werden unter anderem folgende Arbeiten durchgeführt:</h1><p>A) Leinenlängen nachmessen und protokollieren</p><p>B) Überprüfen der Reißfestigkeit einzelner Leinen</p><p>C) Überprüfen der Luftdurchlässigkeit des Tuches und Untersuchung auf Beschädigungen</p><p>D) Alle sind richtig</p></div>;D
<div><h1>50) Die auf dem Gleitschirm angebrachte Musterprüfplakette enthält unter anderem Angaben zu</h1><p>A) LTF-Klassifizierung, Materialien, Lebensdauer, Seriennummer</p><p>B) LTF-Klassifizierung, Sitzzahl, Startgewicht, Hersteller, Datum der Stückprüfung</p><p>C) LTF-Klassifizierung, Pilotenqualifikation, Name des Testpiloten,</p><p>D) LTF-Klassifizierung, Pflegeanleitung, Festigkeitswerte, Hersteller</p></div>;B
<div><h1>51) Welche Aussagen sind zu den Flugtests im Rahmen der Musterprüfung korrekt?</h1><p>A) Ein Testpilot erfliegt und beurteilt alle Extremflugmanöver im mittleren Bereich des Startgewichtes, stichprobenartig fliegt ein zweiter Testpilot das Testprogramm erneut. Zur Klassifizierung werden die Testergebnisse gemittelt.</p><p>B) Zwei Testpiloten erfliegen und beurteilen unabhängig voneinander alle Extremflugmanöver an der oberen und unteren Grenze des Startgewichtes, sowie beim beschleunigten Flug. Zur Klassifizierung wird das schlechteste Testergebnis gewertet.</p><p>C) Ein Testpilot der Herstellerfirma erfliegt alle Extremflugmanöver. Testpiloten der Musterprüfstelle beurteilen und klassifizieren das Geräteverhalten aufgrund der Beobachtung dieser Testflüge.</p><p>D) Ein Testpilot der Herstellerfirma erfliegt alle Extremflugmanöver. Testpiloten der Musterprüfstelle beurteilen und klassifizieren das Geräteverhalten aufgrund der Videodokumentation dieser Testflüge.</p></div>;B
<div><h1>52) Das bei den Flugtests ermittelte Extremflugverhalten des Gleitschirms</h1><p>A) ist nur bei Hochleistern Grundlage für die Klassifizierung</p><p>B) ist mit dem Extremflugverhalten des Gleitschirms in der Praxis immer identisch</p><p>C) wird wegen der Aggressivität der Flugtestmanöver in der Praxis immer weniger kritisch ausfallen</p><p>D) kann in der Praxis durch Wind- und Turbulenzeinfluss oder Pilotenfehler deutlich kritischer ausfallen</p></div>;D
<div><h1>53) Der Begriff "Kompatibilitätsprüfung" bezeichnet</h1><p>A) die Überprüfung einer Gurtzeug - Rettungsschirmkombination auf einwandfreie Funktion des Auslösemechanismus durch Fachpersonal</p><p>B) die Überprüfung einer Gleitschirm - Gurtzeugkombination im Rahmen der Musterprüfung durch die DAkkS-akkreditierte Prüfstelle</p><p>C) die Überprüfung, ob ein Rettungsgerät mit dem Startgewicht des Piloten kompatibel ist</p><p>D) Die Prüfung der Kompatibilität aller Bauteile eines Gleitschirmes im Rahmen der Detailprüfung durch die DAkkS-akkreditierte Prüfstelle</p></div>;A
<div><h1>54) Welche Aussagen zur Kompatibilität von Gurtzeugen und Rettungsschirmen sind korrekt?</h1><p>A) Alle mustergeprüften Gurtzeuge sind mit allen mustergeprüften Rettungsschirmen kompatibel</p><p>B) Jedes Gurtzeug ist nur mit dafür mustergeprüften Rettungsschirmen kompatibel</p><p>C) Die Kompatibilität ist u.a. abhängig von der Größe des Rettungsschirms und der Bauweise von Innen- und Außencontainer, sie muss stets bei einer Kompatibilitätsprüfung festgestellt werden</p><p>D) Die Kompatibilität von Gurtzeugen und Rettungsschirmen ist nicht erforderlich, da es sich um zwei voneinander völlig unabhängige Gegenstände handelt</p></div>;C
<div><h1>55) Wann ist eine Kompatibilitätsprüfung erforderlich?</h1><p>A) Bei jeder Neukombination von Gurtzeug oder Rettungsschirm vor dem ersten Flug</p><p>B) Gemäß den Angaben in der Betriebsanleitung, meist zweimal im Jahr</p><p>C) Vor jedem Flug</p><p>D) Jedes Mal wenn der Rettungsschirm neu gepackt wird</p></div>;A
<div><h1>56) Was ist bei Rettungsgerätegriffen zu beachten, die mit Klett am Gurtzeug befestigt sind?</h1><p>A) Klett verliert mit der Zeit an Haltekraft, deshalb muss der Griff regelmäßig (z.B. beim Vorflugcheck) fest an den Klett gedrückt werden, damit die Auslösekraft nicht gefährlich gering wird</p><p>B) Klett erhöht in der Regel seine Haltekraft mit der Zeit selbständig, deshalb muss regelmäßig (z.B. beim Vorflugcheck) der Griff vom Klett gelöst und wieder neu befestigt werden, damit die Auslösekraft nicht gefährlich hoch wird</p><p>C) Der Klett muss regelmäßig, spätestens alle 12 Monate, erneuert werden</p><p>D) Klettbefestigungen von Rettungsgerätegriffen sind nicht zugelassen, weil die Auslösekraft mit dieser Befestigungsmethode generell zu hoch ist</p></div>;B
<div><h1>57) Verbindungsglieder sind u.a.</h1><p>A) die Einschlaufbänder der Galerieleinen an der Kappe und die Steuerschlaufen</p><p>B) Leinenschlösser und Gurtzeug-Karabiner</p><p>C) Tragegurte</p><p>D) Alle sind richtig</p></div>;B
<div><h1>58) Gurtzeug-Karabiner aus Aluminium</h1><p>A) weisen höhere Bruchlasten als Gurtzeug-Karabiner aus Stahl auf</p><p>B) sind nicht zugelassen</p><p>C) können bei Beschädigung (Dellen, Risse) deutliche Festigkeitseinbußen erleiden</p><p>D) müssen, wegen ihrer geringeren Festigkeiten jährlich bzw. alle 100 Flüge ausgetauscht werden</p></div>;C
<div><h1>59) Am Startplatz stellt der Pilot beim Vorflugcheck einen ca. 5 cm langen Riss im Untersegel seines Gleitschirmes fest. Er sollte</h1><p>A) starten und den Schirm nach dem Flug fachmännisch reparieren lassen</p><p>B) vor dem Start den Riss beidseitig mit Klebesegel reparieren</p><p>C) vor dem Start den Riss mit Nadel und Faden vernähen</p><p>D) Alle sind möglich</p></div>;B
<div><h1>60) Am Startplatz stellt der Pilot beim Vorflugcheck fest, dass Kern und Mantel einer A-Stammleine stark beschädigt sind. Er sollte</h1><p>A) starten und die Leine nach dem Flug fachmännisch austauschen lassen</p><p>B) nicht starten und die Leine vor dem nächsten Flug fachmännisch austauschen lassen</p><p>C) vor dem Start die Leine mit Klebeband tapen</p><p>D) den Mantel mit einem Feuerzeug wieder verschweißen</p></div>;B
<div><h1>61) Die Fangleinenschlösser</h1><p>A) sind verschweißt und lassen sich nicht öffnen</p><p>B) müssen regelmäßig ausgetauscht werden</p><p>C) müssen bei jedem Startcheck, als Teil des 5-Punkte-Checks, auf festen Sitz des Schraubverschlusses überprüft werden</p><p>D) müssen in regelmäßigen Abständen, z.B. beim Vorflugcheck, auf festen Sitz des Schraubverschlusses überprüft werden</p></div>;D
<div><h1>62) Fürs Gleitschirmfliegen am besten geeignet sind</h1><p>A) Fahrradhelme mit CE-Prüfzeichen, weil sie besonders leicht sind</p><p>B) Halbschalenhelme für Skifahrer mit CE-Prüfzeichen, weil sie den besten Kompromiss aus Festigkeit und Leichtigkeit bieten</p><p>C) Helme mit CE-EN 966-Prüfzeichen für Flugsporthelme, weil sie für die Verwendung beim Flugsport optimiert und geprüft sind</p><p>D) Motorrad-Vollvisierhelme mit CE-Prüfzeichen, weil sie besonders hohe Festigkeiten aufweisen</p></div>;C
<div><h1>63) Die Klassifizierung eines Gleitschirms aufgrund der Flugtests durch die Testpiloten der Musterprüfstelle gibt Aufschluss über</h1><p>A) Gleitleistung, minimales Sinken, Höchstgeschwindigkeit</p><p>B) Verarbeitung und Haltbarkeit</p><p>C) Flugverhalten in Extremsituationen und Piloteneignung</p><p>D) Alle sind richtig</p></div>;C
<div><h1>64) Welche Tests durchläuft ein Gleitschirm bei der Musterprüfung?</h1><p>A) Festigkeitsprüfung, Luftdurchlässigkeitsprüfung, Stückprüfung</p><p>B) Zerreißtest, Leinen-Knicktest, Detailprüfung, Stückprüfung</p><p>C) Testflüge, Windkanaltest, Stückprüfung</p><p>D) Schocktest, Festigkeitstest, Flugtests und Detailprüfung</p></div>;D
<div><h1>65) Bei Rettungsgeräten werden beim Test für die Musterprüfung u.a.</h1><p>A) Festigkeit und Sinkgeschwindigkeit überprüft</p><p>B) Der Auslösemechanismus überprüft</p><p>C) Die fachgerechte Packmethode überprüft</p><p>D) Alle sind richtig</p></div>;D
<div><h1>66) Das Testprogramm der Musterprüfung für Gurtzeuge besteht aus</h1><p>A) Funktionsprüfung, Festigkeitstest und Flugtest</p><p>B) Abwurftest und Zerreißtest</p><p>C) Funktionsprüfung, Stückprüfung, Schocktest</p><p>D) Überprüfung der Flugbequemlichkeit</p></div>;A
<div><h1>67) Uneingeschränkt für Flugschüler und Einsteiger geeignet sind Gleitschirme der LTF-Klassifizierung</h1><p>A) A</p><p>B) B</p><p>C) C</p><p>D) D</p></div>;A
<div><h1>68) Wie häufig sollten Rettungsgeräte neu gepackt werden?</h1><p>A) Nach Herstellerangaben ca. alle 2 Jahre</p><p>B) Nach Herstellerangaben ca. 1-3 mal pro Jahr</p><p>C) Nach Herstellerangaben ca. monatlich</p><p>D) Nach Herstellerangaben ca. alle 20 Flüge</p></div>;B
<div><h1>69) Ein feucht gewordenes Rettungsgerät</h1><p>A) muss im Innencontainer verbleiben und dort trocknen. Anschließend neu packen lassen</p><p>B) muss zur Überprüfung zum Hersteller und ggf. gegen ein neues ausgetauscht werden</p><p>C) muss sofort ausgebaut, an der Sonne getrocknet und neu gepackt werden</p><p>D) muss ausgebaut, an einem schattigen Ort gelüftet und getrocknet und neu gepackt werden</p></div>;D
<div><h1>70) Welche Aussagen zur Anhängelast bei Rettungsschirmen sind richtig?</h1><p>A) Bei der Musterprüfung wird aus dem Festigkeitstest und dem Sinkgeschwindigkeitstest die maximal zulässige Anhängelast ermittelt</p><p>B) Das Startgewicht des Piloten muss niedriger oder gleich groß sein wie die maximal zulässige Anhängelast</p><p>C) Das Startgewicht des Piloten sollte ca. 20 % niedriger sein als die maximal zulässige Anhängelast, um für eine Rettungsgeräte Landung weitgehend unkritische Sinkgeschwindigkeit zu erreichen</p><p>D) Alle sind richtig</p></div>;D
<div><h1>71) Welche Geräteeigenschaften sind für eine hohe Flächenbelastung beim Gleitschirm charakteristisch?</h1><p>A) Geringere Stabilität gegen Einklapper, geringere Trimmgeschwindigkeit, weniger dynamische Schirmreaktionen</p><p>B) Höhere Stabilität gegen Einklapper, höhere Trimmgeschwindigkeit, höhere Sinkgeschwindigkeit, dynamischere Schirmreaktionen</p><p>C) Geringere Sinkgeschwindigkeit, besseres Gleiten, besseres Handling</p><p>D) Höhere Sinkgeschwindigkeit, schlechteres Gleiten, trägeres Handling</p></div>;B
<div><h1>72) Was ist beispielsweise unter der Überschreitung der Betriebsgrenzen eines Gleitschirms zu verstehen?</h1><p>A) Einflüge in den kontrollierten Luftraum und Flüge nach Sonnenuntergang</p><p>B) Das Überschreiten der maximal zulässigen Flughöhe</p><p>C) Das Über- oder Unterschreiten der Grenzen des zugelassenen Gewichtsbereichs</p><p>D) Das Fliegen eines nicht mustergeprüften bzw. nicht ordnungsgemäß nachgeprüften Gleitschirms</p></div>;C
<div><h1>73) Abbildung 1: Abbildung: Trotz kräftigem Zug am Auslösegriff (nach rechts-oben) löst sich der Splint nicht aus dem Loop des Aussencontainerverschlusses. Welche Aussagen sind richtig?</h1><p>A) Dies ist konstruktiv so beabsichtigt. Grundsätzlich muss bei Zug am Auslösegriff zunächst die Verbindung Griff-Innencontainer deutlich gespannt sein (wie auf dem Bild zu sehen), erst bei weiterem Ziehen darf sich der Splint lösen</p><p>B) Einbaufehler ! Die Verbindung Griff-Innencontainer ist kürzer als die Verbindung Griff-Splint. Die Auslösung des Rettungsgerätes ist blockiert. Lebensgefahr !</p><p>C) Grundsätzlich muss bei Zug am Auslösegriff erst der Splint auslösen</p><p>D) Die Antworten "Einbaufehler!" und "Grundsätzlich?" sind richtig</p></div>;D
<div><h1>74) Abbildung 2: Die Abbildung zeigt die Verbindung Auslösegriff-Rettungsgerät von zwei verschiedenen Gleitschirm-Gurtzeugen. Welche ist für ein erfolgreiches Auslösen des Rettungsgerätes besser ausgelegt und warum?</h1><p>A) Nach dem Herausziehen aus dem Gurtzeug-Container muss der Pilot den Griff festhalten und warten, bis der Rettungsschirm selbständig aus dem Innencontainer herausfällt. Dafür ist die rechte, lange Verbindung besser geeignet</p><p>B) Die Länge der Verbindung Auslösegriff-Rettungsgerät ist beim Auslösen des Rettungsgerätes nicht von Bedeutung, deshalb sind beide gleich gut geeignet</p><p>C) Die linke, weil nur eine kurze Verbindung ein kraftvolles und gezieltes Wegschleudern des Rettungsgerätes in den freien Luftraum erlaubt</p><p>D) Die rechte, weil nur eine lange Verbindung ein kraftvolles und gezieltes Wegschleudern des Rettungsgerätes in den freien Luftraum erlaubt</p></div>;C
<div><h1>75) Welche Problematik muss bei Verwendung eines Rettungsgeräte-Frontcontainers berücksichtigt werden?</h1><p>A) Dass der Rettungsschirm schwieriger auszulösen ist</p><p>B) Keine Besondere, Frontcontainer für Rettungsgeräte sind allen anderen Rettungsgeräte-Containern technisch überlegen</p><p>C) Dass der Frontcontainer durch sein Gewicht den Piloten im Startlauf in zu starke Vorlage bringt</p><p>D) Dass der Frontcontainer die Sicht auf die Gurtzeug-Schließen verdeckt und dadurch deren Sichtkontrolle erschwert</p></div>;D
<div><h1>76) Welche Einflüsse können die Lebensdauer eines Rettungsgerätes vermindern?</h1><p>A) Feuchtigkeit und UV- Strahlung</p><p>B) Kälte und häufiges Packen</p><p>C) Zu langes Lüften vor dem Packen</p><p>D) Alle sind richtig</p></div>;A
<div><h1>77) Abbildung 3: Wie bezeichnet man die Punkte 1, 2 und 3 in der Abbildung?</h1><p>A) 1 = Kappe 2 = Scheitel 3= Basis</p><p>B) 1 = Fangleine 2 = Basis 3= Scheitel</p><p>C) 1 = Basis 2 = Scheitel 3 = Kappe</p><p>D) 1 = Basis 2 = Mittelleine 3 = Scheitel</p></div>;A
<div><h1>78) Abbildung 3: Wie bezeichnet man die Punkte 4, 5 und 6 in der Abbildung?</h1><p>A) 4 = Fangleine 5 = Mittelleine 6 = Verbindungsleine</p><p>B) 4 = Verbindungsleine 5 = Fangleine 6 = V-Leine</p><p>C) 4 = Mittelleine 5 = Fangleine 6 = Verbindungsleine</p><p>D) 4 = V-Leine 5 = Verbindungsleine 6 = Hauptleine</p></div>;C
<div><h1>79) Abbildung 32: Wie bezeichnet man die Punkte 1, 2 und 3 in der Abbildung?</h1><p>A) 1 = Beingurte 2 = Gurtschlösser 3= Herausfallsicherung</p><p>B) 1 = Herausfallsicherung 2 = Hauptaufhängung 3= Beingurt</p><p>C) 1 = Herausfallsicherung 2 = Seitenverstellung 3= Frontgurt (Brustgurt)</p><p>D) 1 = Frontgurt (Brustgurt) 2 = Hauptaufhängung 3 = Beingurt</p></div>;A
<div><h1>80) Abbildung 32: Wie bezeichnet man die Punkte 4, 5 und 6 in der Abbildung?</h1><p>A) 4 = Herausfallsicherung 5 = Seitenverstellung 6 = Rettungsgeräte-Verbindungsleine</p><p>B) 4 = Schultergurt 5 = Aufhängekarabiner 6 = Frontgurt (Brustgurt)</p><p>C) 4 = Frontgurt (Brustgurt) 5 = Aufhängekarabiner 6 = Schultergurt</p><p>D) 4 = Frontgurt (Brustgurt) 5 = Aufhängekarabiner 6 = Herausfallsicherung</p></div>;C
<div><h1>81) Handschuhe sollten beim Gleitschirmfliegen</h1><p>A) nur wenn unbedingt nötig getragen werden, da der Pilot das Gefühl für die Bremsstellung verliert</p><p>B) nur im Winter getragen werden</p><p>C) zum Schutz der Hände vor Verletzungen grundsätzlich getragen werden</p><p>D) in keinem Fall getragen werden</p></div>;C
<div><h1>82) Das Variometer informiert den Piloten während des Fluges über</h1><p>A) die Horizontalgeschwindigkeit</p><p>B) die Wetterentwicklung</p><p>C) das Steigen und Sinken des Fluggerätes</p><p>D) das Verhältnis zwischen vertikaler und horizontaler Geschwindigkeit</p></div>;C
<div><h1>83) Das Variometer erhält seine Informationen durch das Messen</h1><p>A) des Höhenunterschieds</p><p>B) der Luftdruckveränderung</p><p>C) von Temperatur und Luftdichte</p><p>D) der Horizontalgeschwindigkeit</p></div>;B
<div><h1>85) Abbildung 5: Die Kräfte im stationären Geradeausflug: Wie bezeichnet man die Punkte 1, 2 und 3 in der Abbildung?</h1><p>A) 1 = Auftrieb 2 = Widerstand 3 = Vortrieb</p><p>B) 1 = Widerstand 2 = Vortrieb 3 = Auftrieb</p><p>C) 1 = Gewichtskraft 2 = Vortrieb 3 = Auftrieb</p><p>D) 1 = Gleitwinkel 2 = Gewichtskraft 3 = Auftrieb</p></div>;D
<div><h1>86) Abbildung 5: Die Kräfte im stationären Geradeausflug: Wie bezeichnet man die Punkte 4, 5 und 6 in der Abbildung?</h1><p>A) 4 = Auftrieb 5 = Widerstand 6 = Druckpunkt</p><p>B) 4 = Widerstand 5 = totale Luftkraft 6 = Druckpunkt</p><p>C) 4 = Schwerkraft 5 = Vortrieb 6 = Auftrieb</p><p>D) 4 = Anstellwinkel 5 = Druckpunkt 6 = totale Luftkraft</p></div>;B
<div><h1>87) Randwirbel entstehen während des Fluges</h1><p>A) weil die Grenzschicht hinter dem Umschlagpunkt turbulent wird</p><p>B) weil der Druckunterschied zwischen Flügelober- und Unterseite ausgeglichen wird</p><p>C) nur beim Einfliegen in den turbulenten Randbereich der Thermik</p><p>D) nur beim beschleunigten Fliegen</p></div>;B
<div><h1>88) Bei der Umströmung eines Gleitschirms entsteht Restwiderstand durch</h1><p>A) die nicht Auftrieb erzeugenden Teile (Pilot, Leinen)</p><p>B) die Ablenkung der Strömung Richtung Boden</p><p>C) die gegenseitige Beeinflussung der verschiedenen Widerstände</p><p>D) den CW-Wert und die Größe der senkrecht zur Strömung stehenden Querschnittsfläche des Flügels</p></div>;A
<div><h1>89) Wie wird die Bewegung des Gleitschirms um die Querachse bezeichnet?</h1><p>A) Nicken</p><p>B) Rollen</p><p>C) Gieren</p><p>D) Lenzen</p></div>;A
<div><h1>90) Wie wird die Bewegung des Gleitschirms um die Längsachse bezeichnet?</h1><p>A) Nicken</p><p>B) Rollen</p><p>C) Gieren</p><p>D) Lenzen</p></div>;B
<div><h1>91) Die Pendelstabilität des Gleitschirmes wird bewirkt durch</h1><p>A) die ausgleichende Pendelwirkung des tief hängenden Piloten</p><p>B) die aerodynamische Flügelschränkung</p><p>C) den so genannten S-Schlag im Flügelprofil</p><p>D) den hohen Formwiderstand der Kappe</p></div>;A
<div><h1>92) Abbildung 6: Wie bezeichnet man die Punkte A und B in der Abbildung?</h1><p>A) A = Stallpunkt, B = Geschwindigkeit des geringsten Sinkens</p><p>B) A = Geschwindigkeit des geringsten Sinkens, B = Geschwindigkeit des besten Gleitens</p><p>C) A = Geschwindigkeit des besten Gleitens, B = Geschwindigkeit des geringsten Sinkens</p><p>D) A = Strömungsabriss, B = voll beschleunigte Geschwindigkeit</p></div>;B
<div><h1>93) Abbildung 6: Der Gleitschirm, für welchen die Polare in der Abbildung erstellt wurde, hat</h1><p>A) das geringste Sinken mit ca. 1,2 m/s bei ca. 27 km/h Fluggeschwindigkeit, das beste Gleiten bei ca. 36 km/h Fluggeschwindigkeit mit ca. 1,5 m/s Sinken</p><p>B) das geringste Sinken mit ca. 1,5 m/s bei ca. 36 km/h Fluggeschwindigkeit, das beste Gleiten bei ca. 27 km/h Fluggeschwindigkeit mit ca. 1,2 m/s Sinken</p><p>C) zwischen 27 km/h und 36 km/h Fluggeschwindigkeit die gleiche Sinkgeschwindigkeit</p><p>D) zwischen einem Sinken von 1,2 bis 1,5 m/s die gleiche Fluggeschwindigkeit</p></div>;A
<div><h1>94) Ein Fluggerät mit Gleitzahl 8 fliegt 800 Meter über Grund. Welche Entfernung kann bei Windstille zurückgelegt werden?</h1><p>A) 12, 0 km</p><p>B) 24,0 km</p><p>C) 6,4 km</p><p>D) 8 km</p></div>;C
<div><h1>95) Wird die Gleitzahl größer, so wird der Gleitwinkel</h1><p>A) größer</p><p>B) nicht verändert</p><p>C) kleiner</p><p>D) nur bei Rückenwind größer</p></div>;C
<div><h1>96) Welche Kraft ist beim Gleitflug gleich groß wie die Gewichtskraft?</h1><p>A) Der Auftrieb</p><p>B) Die totale Luftkraft</p><p>C) Die Resultierende aus Auftrieb und Vortrieb</p><p>D) Die Zentrifugalkraft</p></div>;B
<div><h1>97) Der Winkel zwischen der Richtung der anströmenden Luft und der Profilsehne heißt</h1><p>A) Gleitwinkel</p><p>B) Einstellwinkel</p><p>C) Anstellwinkel</p><p>D) Steigungswinkel</p></div>;C
<div><h1>98) Wird der Anstellwinkel zu klein</h1><p>A) kann die Strömung am Gleitschirm abreißen</p><p>B) gerät der Gleitschirm in einen Spiralsturz</p><p>C) nimmt die Geschwindigkeit deutlich zu</p><p>D) kann der Gleitschirm einklappen</p></div>;D
<div><h1>99) Wird der Anstellwinkel zu groß</h1><p>A) kann die Strömung am Gleitschirm abreißen</p><p>B) gerät der Schirm in einen Spiralsturz</p><p>C) nimmt die Geschwindigkeit deutlich zu</p><p>D) kann der Gleitschirm einklappen</p></div>;A
<div><h1>100) Das beim Kurvenflug auftretende Kurvengewicht</h1><p>A) resultiert aus Gewichtskraft und Zentrifugalkraft</p><p>B) wird kompensiert durch die totale Luftkraft</p><p>C) wirkt senkrecht zur Querachse</p><p>D) Alle sind richtig</p></div>;D
<div><h1>101) Der Auftrieb am ungebremsten Gleitschirm wirkt am stärksten</h1><p>A) im vorderen Drittel des Profils, im Mittelbereich des Flügels</p><p>B) an der Eintrittskante, im Mittelbereich des Flügels</p><p>C) im vorderen Drittel des Profils, im Außenbereich des Flügels</p><p>D) an der Eintrittskante, im Außenbereich des Flügels</p></div>;A
<div><h1>102) Der Widerstand</h1><p>A) sinkt bei zunehmender Geschwindigkeit linear</p><p>B) bleibt bei zunehmender Geschwindigkeit gleich</p><p>C) steigt bei zunehmender Geschwindigkeit quadratisch</p><p>D) steigt bei zunehmender Geschwindigkeit linear</p></div>;C
<div><h1>103) Beim vollständigen Strömungsabriss</h1><p>A) verliert der Gleitschirm den Auftrieb</p><p>B) wirkt nur der Widerstand</p><p>C) bricht der Kappeninnendruck zusammen</p><p>D) Alle sind richtig</p></div>;D
<div><h1>104) Geräte mit großer Flügelstreckung haben eine</h1><p>A) große Spannweite und große Flügeltiefe</p><p>B) große Spannweite und geringe Flügeltiefe</p><p>C) geringe Spannweite und geringe Flügeltiefe</p><p>D) geringe Spannweite und große Flügeltiefe</p></div>;B
<div><h1>105) Der am Flügel entstehende Auftrieb</h1><p>A) setzt sich aus Sogkräften an der Oberseite und Druckkräften an der Unterseite zusammen</p><p>B) greift immer am Schwerpunkt des Flügels an</p><p>C) ist immer genauso groß wie die totale Luftkraft</p><p>D) Alle sind richtig</p></div>;A
<div><h1>106) Der Widerstand eines durch die Luft bewegten Körpers ist abhängig von</h1><p>A) Auftriebsbeiwert und Restwiderstand</p><p>B) Auftriebsbeiwert und Formwiderstand</p><p>C) Querschnittsfläche, Anstellwinkel und Widerstandsbeiwert im Quadrat</p><p>D) Querschnittsfläche, Widerstandsbeiwert, Luftdichte und Geschwindigkeit</p></div>;D
<div><h1>107) Der durch den Druckausgleich am Flügel entstehende Widerstand wird bezeichnet als</h1><p>A) induzierter Widerstand</p><p>B) Restwiderstand</p><p>C) Formwiderstand</p><p>D) Interferenzwiderstand</p></div>;A
<div><h1>108) Der Druckpunkt ist der gedachte Angriffspunkt</h1><p>A) aller am Profil wirkenden Luftkräfte</p><p>B) des am Profil wirkenden Gewichtsanteils</p><p>C) des Gesamtwiderstands</p><p>D) des Abtriebs</p></div>;A
<div><h1>109) Wo beginnt die Ablösung der Luftteilchen am Tragflügelprofil und in welcher Richtung setzt sie sich bei zunehmenden Anstellwinkel fort?</h1><p>A) An der Profilnase, Fortsetzung in Strömungsrichtung</p><p>B) Auf der gesamten Profiloberseite gleichzeitig</p><p>C) Auf der Profiloberseite vor der Hinterkante, Wanderung entgegen der Strömungsrichtung</p><p>D) Auf der Profilunterseite hinter dem Umschlagpunkt, Wanderung in Strömungsrichtung</p></div>;C
<div><h1>110) Der Begriff geometrische Flügelschränkung bezeichnet</h1><p>A) den durchschnittlichen Abstand zwischen Eintritts- und Austrittskante</p><p>B) den Abstand zwischen den beiden Flügelenden</p><p>C) die Anstellwinkelunterschiede verschiedener Flügelabschnitte</p><p>D) die durchschnittliche Belastung je Quadratmeter Flügelfläche</p></div>;C
<div><h1>111) Die projizierte Fläche</h1><p>A) ist kleiner als die Fläche des ausgelegten Gleitschirms</p><p>B) ist die Fläche, die der Gleitschirm im Flug aufweist</p><p>C) weicht von der ausgelegten Fläche durch die Krümmung des Gleitschirms im Flug ab</p><p>D) Alle sind richtig</p></div>;D
<div><h1>112) Abbildung 7: Der Gleitschirm auf der Abbildung fliegt bei Windstille mit der Geschwindigkeit des besten Gleitens (36 km/h) und einer Gleitzahl von 8. Wie stark muss der konstante Rückenwind sein, damit das Gerät bis Kilometer 10 gleitet?</h1><p>A) 36 km/h</p><p>B) 18 km/h</p><p>C) 9 km/h</p><p>D) 54 km/h</p></div>;C
<div><h1>113) Abbildung 7: Der Gleitschirm auf der Abbildung hat bei Windstille mit der Geschwindigkeit des besten Gleitens (36 km/h) eine Gleitzahl von 8. Bei einem konstanten Gegenwind von 27 km/h gleitet das Gerät bis</h1><p>A) Kilometer 4</p><p>B) Kilometer 2</p><p>C) Kilometer 6</p><p>D) Kilometer 8</p></div>;B
<div><h1>114) Abbildung 4: Wie bezeichnet man die Punkte 7, 8 und 9 in der Abbildung?</h1><p>A) 7 = Rettungsgeräte-Verbindungsleine 8 = Rettungsgeräte-Auslösegriff 9 = Rettungsgerät</p><p>B) 7 = Rettungsgeräte-Auslöseleine 8 = Rettungsgeräte-Verbindungsgriff 9 = Rettungsgerät</p><p>C) 7 = Fußbeschleuniger 8 = Steuerleine (Bremsgriff) 9 = Rettungsgeräte-Außencontainer</p><p>D) 7 = Verzurrleine 8 = Festhaltegriff 9 = Gleitschirm-Luftanker</p></div>;A
<div><h1>115) Abbildung 9: Wie bezeichnet man die Punkte 1,2 und 3 auf der Abbildung?</h1><p>A) 1 = Eintrittskante 2 = Hinterkante 3 = Querband</p><p>B) 1 = Bug 2 = Heck 3 = Diagonalrippe</p><p>C) 1 = Auftriebshilfe 2 = Bremskante 3 = Krügerklappe</p><p>D) 1 = Profil 2 = Hinterzelle 3 = Querdesign</p></div>;A
<div><h1>116) Abbildung 9: Wie bezeichnet man die Punkte 4, 5 und 6 in der Abbildung?</h1><p>A) 4 = Zellwand mit Ausgleichsöffnung (Crossport) 5 = Zelle 6 = V-Rippe (Diagonalrippe)</p><p>B) 4 = Zelle, 5 = V-Rippe (Diagonalrippe) 6 = Zellwand mit Ausgleichsöffnung (Crossport)</p><p>C) 4 = Eintrittskante 5 = Zellenhohlraum 6 = Staudrucköffnung</p><p>D) 4 = Fangleinenbefestigung 5 = Obersegel 6 = Stabilisator</p></div>;A
<div><h1>117) Abbildung 31: Welche Zahl bezeichnet den Tragegurt auf der Abbildung, der für das Manöver Ohrenanlegen vorgesehen ist?</h1><p>A) 3</p><p>B) 4</p><p>C) 5</p><p>D) 7</p></div>;B
<div><h1>118) Abbildung 31: Wie bezeichnet man die Punkte 4 und 5 in der Abbildung?</h1><p>A) 4 = Separater A-Tragegurt zum Ohrenanlegen 5 = B-Gurt</p><p>B) 4 = B-Gurt 5 = Separater A-Tragegurt zum Ohrenanlegen</p><p>C) 4 = hinterer Tragegurt 5 = mittlerer Tragegurt</p><p>D) 4 = Haupttragegurt 5 = Reservetragegurt</p></div>;A
<div><h1>119) Abbildung 31: Wie bezeichnet man die Punkte 6 und 7 in der Abbildung?</h1><p>A) 6 = Beschleunigungssystem 7 = Einhängeschlaufe</p><p>B) 6 = Einhängeschlaufe 7 = Beschleunigungssystem</p><p>C) 6 = Schubregler 7 = Hauptaufhängung</p><p>D) 6 = Separater A-Tragegurt zum \"Ohrenanlegen 7 = Rettungsgeräte-Verbindungsleine</p></div>;A
<div><h1>120) Wie kontrolliert der Pilot, ob er die Höchstgeschwindigkeit seines Gleitschirms erfliegen kann?</h1><p>A) Mit einem Fahrtmesser. Dieser muss bei betätigtem Fußbeschleuniger die vom Hersteller in der Betriebsanleitung angegebene Höchstgeschwindigkeit anzeigen.</p><p>B) Bei voll betätigtem Fußbeschleuniger mit ausgestreckten Beinen erreicht der Gleitschirm immer seine Höchstgeschwindigkeit.</p><p>C) Durch die Kontrolle der Beschleunigerrollen am Tragegurt. Wenn obere und untere Rolle ganz aneinander gezogen sind, fliegt der Gleitschirm mit Höchstgeschwindigkeit.</p><p>D) Aus Sicherheitsgründen kann die Höchstgeschwindigkeit eines Gleitschirms grundsätzlich nicht erflogen werden.</p></div>;C
<div><h1>121) Beim Packen des Gleitschirms sollte u.a. vermieden werden:</h1><p>A) harter Untergrund (Teer, Beton, Kies), Knicken der Versteifungen (Stäbchen) an der Eintrittskante, Herauspressen der Luft durch das Tuch</p><p>B) jegliche Unterhaltung mit Umstehenden, um nicht abgelenkt zu werden</p><p>C) Alle Antworten sind richtig</p><p>D) die Hilfe von anderen in Anspruch zu nehmen, die machen eh nur alles falsch</p></div>;A
<div><h1>122) Sichtkontrollen der Gurtbänder und Nähte, der Schließen, Beschleunigerrollen und des Protektors des Gurtzeugs</h1><p>A) darf nur ein Fachbetrieb durchführen</p><p>B) ist nicht erforderlich, weil diese Materialien verschleißfrei sind</p><p>C) müssen vor jedem Flug vom Piloten durchgeführt werden</p><p>D) sollten vom Piloten in regelmäßigen Abständen vorgenommen werden</p></div>;D
<div><h1>123) Der geprüfte Rückenschutz eines Gurtzeugs soll Rückenverletzungen bei Stürzen aus geringer Höhe mindern. Im Rahmen der Musterprüfung wird der Falltest des Protektors durchgeführt aus einer Höhe von</h1><p>A) 1,65 m</p><p>B) 16,5 m</p><p>C) 0,65 m</p><p>D) 5,0 m</p></div>;A
<div><h1>124) Worauf muss bei der Einstellung eines Gleitschirm-Gurtzeugs besonders geachtet werden?</h1><p>A) Die Einstellungen sollen so vorgenommen werden, dass die Sitzposition eine Führung der Steuerleinen körpernah und entlang der Tragegurte ermöglicht</p><p>B) Die Einstellungen sollen so vorgenommen werden, dass die Sitzposition eine Führung der Steuerleinen deutlich vor den Tragegurten ermöglicht</p><p>C) Die Einstellungen sollen so vorgenommen werden, dass die Sitzposition eine Führung der Steuerleinen deutlich hinter den Tragegurten ermöglicht</p><p>D) Die Einstellungen sollen so vorgenommen werden, dass die Sitzposition eine Führung der Steuerleinen körperfern mit abgestreckten Armen ermöglicht</p></div>;A
<div><h1>125) Abbildung 51: Welches sind die korrekten Bezeichnungen für die drei unterschiedlichen Rettungsgeräte-Typen auf der Abbildung, von links nach rechts?</h1><p>A) Rundkappe - Kreuzkappe - steuerbares Rettungsgerät</p><p>B) Kreuzkappe - Rundkappe - steuerbares Rettungsgerät</p><p>C) steuerbares Rettungsgerät - Rundkappe - Kreuzkappe</p><p>D) steuerbares Rettungsgerät - Kreuzkappe - Rundkappe</p></div>;B
<div><h1>126) Abbildung 55: Die Abbildung zeigt</h1><p>A) die Öffnung zur Sand-Befüllung eines Gleitschirms. Damit kann die Flächenbelastung vergrößert und dadurch die Stabilität erhöht werden</p><p>B) den Stabilisator des Gleitschirms. Durch Befüllung mit Sand kann ein wendigeres Steuerverhalten erreicht werden</p><p>C) die Störklappen des Gleitschirms. Sie können mit der äußersten Bremsanlenkung (Ring) an der Hinterkante geöffnet werden und bringen den Gleitschirm in einen schnellen Sinkflug</p><p>D) die Öffnung zum Entfernen von Schmutz/Sand/Schnee am Stabilo des Gleitschirms</p></div>;D